Timestamp,shortwave_radiation_bom_access_global_ensemble,shortwave_radiation_ecmwf_ifs025_ensemble,shortwave_radiation_gem_global_ensemble,shortwave_radiation_icon_global_eps,shortwave_radiation_member01_bom_access_global_ensemble,shortwave_radiation_member01_ecmwf_ifs025_ensemble,shortwave_radiation_member01_gem_global_ensemble,shortwave_radiation_member01_icon_global_eps,shortwave_radiation_member01_ncep_gefs025,shortwave_radiation_member01_ukmo_global_ensemble_20km,shortwave_radiation_member02_bom_access_global_ensemble,shortwave_radiation_member02_ecmwf_ifs025_ensemble,shortwave_radiation_member02_gem_global_ensemble,shortwave_radiation_member02_icon_global_eps,shortwave_radiation_member02_ncep_gefs025,shortwave_radiation_member02_ukmo_global_ensemble_20km,shortwave_radiation_member03_bom_access_global_ensemble,shortwave_radiation_member03_ecmwf_ifs025_ensemble,shortwave_radiation_member03_gem_global_ensemble,shortwave_radiation_member03_icon_global_eps,shortwave_radiation_member03_ncep_gefs025,shortwave_radiation_member03_ukmo_global_ensemble_20km,shortwave_radiation_member04_bom_access_global_ensemble,shortwave_radiation_member04_ecmwf_ifs025_ensemble,shortwave_radiation_member04_gem_global_ensemble,shortwave_radiation_member04_icon_global_eps,shortwave_radiation_member04_ncep_gefs025,shortwave_radiation_member04_ukmo_global_ensemble_20km,shortwave_radiation_member05_bom_access_global_ensemble,shortwave_radiation_member05_ecmwf_ifs025_ensemble,shortwave_radiation_member05_gem_global_ensemble,shortwave_radiation_member05_icon_global_eps,shortwave_radiation_member05_ncep_gefs025,shortwave_radiation_member05_ukmo_global_ensemble_20km,shortwave_radiation_member06_bom_access_global_ensemble,shortwave_radiation_member06_ecmwf_ifs025_ensemble,shortwave_radiation_member06_gem_global_ensemble,shortwave_radiation_member06_icon_global_eps,shortwave_radiation_member06_ncep_gefs025,shortwave_radiation_member06_ukmo_global_ensemble_20km,shortwave_radiation_member07_bom_access_global_ensemble,shortwave_radiation_member07_ecmwf_ifs025_ensemble,shortwave_radiation_member07_gem_global_ensemble,shortwave_radiation_member07_icon_global_eps,shortwave_radiation_member07_ncep_gefs025,shortwave_radiation_member07_ukmo_global_ensemble_20km,shortwave_radiation_member08_bom_access_global_ensemble,shortwave_radiation_member08_ecmwf_ifs025_ensemble,shortwave_radiation_member08_gem_global_ensemble,shortwave_radiation_member08_icon_global_eps,shortwave_radiation_member08_ncep_gefs025,shortwave_radiation_member08_ukmo_global_ensemble_20km,shortwave_radiation_member09_bom_access_global_ensemble,shortwave_radiation_member09_ecmwf_ifs025_ensemble,shortwave_radiation_member09_gem_global_ensemble,shortwave_radiation_member09_icon_global_eps,shortwave_radiation_member09_ncep_gefs025,shortwave_radiation_member09_ukmo_global_ensemble_20km,shortwave_radiation_member10_bom_access_global_ensemble,shortwave_radiation_member10_ecmwf_ifs025_ensemble,shortwave_radiation_member10_gem_global_ensemble,shortwave_radiation_member10_icon_global_eps,shortwave_radiation_member10_ncep_gefs025,shortwave_radiation_member10_ukmo_global_ensemble_20km,shortwave_radiation_member11_bom_access_global_ensemble,shortwave_radiation_member11_ecmwf_ifs025_ensemble,shortwave_radiation_member11_gem_global_ensemble,shortwave_radiation_member11_icon_global_eps,shortwave_radiation_member11_ncep_gefs025,shortwave_radiation_member11_ukmo_global_ensemble_20km,shortwave_radiation_member12_bom_access_global_ensemble,shortwave_radiation_member12_ecmwf_ifs025_ensemble,shortwave_radiation_member12_gem_global_ensemble,shortwave_radiation_member12_icon_global_eps,shortwave_radiation_member12_ncep_gefs025,shortwave_radiation_member12_ukmo_global_ensemble_20km,shortwave_radiation_member13_bom_access_global_ensemble,shortwave_radiation_member13_ecmwf_ifs025_ensemble,shortwave_radiation_member13_gem_global_ensemble,shortwave_radiation_member13_icon_global_eps,shortwave_radiation_member13_ncep_gefs025,shortwave_radiation_member13_ukmo_global_ensemble_20km,shortwave_radiation_member14_bom_access_global_ensemble,shortwave_radiation_member14_ecmwf_ifs025_ensemble,shortwave_radiation_member14_gem_global_ensemble,shortwave_radiation_member14_icon_global_eps,shortwave_radiation_member14_ncep_gefs025,shortwave_radiation_member14_ukmo_global_ensemble_20km,shortwave_radiation_member15_bom_access_global_ensemble,shortwave_radiation_member15_ecmwf_ifs025_ensemble,shortwave_radiation_member15_gem_global_ensemble,shortwave_radiation_member15_icon_global_eps,shortwave_radiation_member15_ncep_gefs025,shortwave_radiation_member15_ukmo_global_ensemble_20km,shortwave_radiation_member16_bom_access_global_ensemble,shortwave_radiation_member16_ecmwf_ifs025_ensemble,shortwave_radiation_member16_gem_global_ensemble,shortwave_radiation_member16_icon_global_eps,shortwave_radiation_member16_ncep_gefs025,shortwave_radiation_member16_ukmo_global_ensemble_20km,shortwave_radiation_member17_bom_access_global_ensemble,shortwave_radiation_member17_ecmwf_ifs025_ensemble,shortwave_radiation_member17_gem_global_ensemble,shortwave_radiation_member17_icon_global_eps,shortwave_radiation_member17_ncep_gefs025,shortwave_radiation_member17_ukmo_global_ensemble_20km,shortwave_radiation_member18_ecmwf_ifs025_ensemble,shortwave_radiation_member18_gem_global_ensemble,shortwave_radiation_member18_icon_global_eps,shortwave_radiation_member18_ncep_gefs025,shortwave_radiation_member19_ecmwf_ifs025_ensemble,shortwave_radiation_member19_gem_global_ensemble,shortwave_radiation_member19_icon_global_eps,shortwave_radiation_member19_ncep_gefs025,shortwave_radiation_member20_ecmwf_ifs025_ensemble,shortwave_radiation_member20_gem_global_ensemble,shortwave_radiation_member20_icon_global_eps,shortwave_radiation_member20_ncep_gefs025,shortwave_radiation_member21_ecmwf_ifs025_ensemble,shortwave_radiation_member21_icon_global_eps,shortwave_radiation_member21_ncep_gefs025,shortwave_radiation_member22_ecmwf_ifs025_ensemble,shortwave_radiation_member22_icon_global_eps,shortwave_radiation_member22_ncep_gefs025,shortwave_radiation_member23_ecmwf_ifs025_ensemble,shortwave_radiation_member23_icon_global_eps,shortwave_radiation_member23_ncep_gefs025,shortwave_radiation_member24_ecmwf_ifs025_ensemble,shortwave_radiation_member24_icon_global_eps,shortwave_radiation_member24_ncep_gefs025,shortwave_radiation_member25_ecmwf_ifs025_ensemble,shortwave_radiation_member25_icon_global_eps,shortwave_radiation_member25_ncep_gefs025,shortwave_radiation_member26_ecmwf_ifs025_ensemble,shortwave_radiation_member26_icon_global_eps,shortwave_radiation_member26_ncep_gefs025,shortwave_radiation_member27_ecmwf_ifs025_ensemble,shortwave_radiation_member27_icon_global_eps,shortwave_radiation_member27_ncep_gefs025,shortwave_radiation_member28_ecmwf_ifs025_ensemble,shortwave_radiation_member28_icon_global_eps,shortwave_radiation_member28_ncep_gefs025,shortwave_radiation_member29_ecmwf_ifs025_ensemble,shortwave_radiation_member29_icon_global_eps,shortwave_radiation_member29_ncep_gefs025,shortwave_radiation_member30_ecmwf_ifs025_ensemble,shortwave_radiation_member30_icon_global_eps,shortwave_radiation_member30_ncep_gefs025,shortwave_radiation_member31_ecmwf_ifs025_ensemble,shortwave_radiation_member31_icon_global_eps,shortwave_radiation_member32_ecmwf_ifs025_ensemble,shortwave_radiation_member32_icon_global_eps,shortwave_radiation_member33_ecmwf_ifs025_ensemble,shortwave_radiation_member33_icon_global_eps,shortwave_radiation_member34_ecmwf_ifs025_ensemble,shortwave_radiation_member34_icon_global_eps,shortwave_radiation_member35_ecmwf_ifs025_ensemble,shortwave_radiation_member35_icon_global_eps,shortwave_radiation_member36_ecmwf_ifs025_ensemble,shortwave_radiation_member36_icon_global_eps,shortwave_radiation_member37_ecmwf_ifs025_ensemble,shortwave_radiation_member37_icon_global_eps,shortwave_radiation_member38_ecmwf_ifs025_ensemble,shortwave_radiation_member38_icon_global_eps,shortwave_radiation_member39_ecmwf_ifs025_ensemble,shortwave_radiation_member39_icon_global_eps,shortwave_radiation_member40_ecmwf_ifs025_ensemble,shortwave_radiation_member41_ecmwf_ifs025_ensemble,shortwave_radiation_member42_ecmwf_ifs025_ensemble,shortwave_radiation_member43_ecmwf_ifs025_ensemble,shortwave_radiation_member44_ecmwf_ifs025_ensemble,shortwave_radiation_member45_ecmwf_ifs025_ensemble,shortwave_radiation_member46_ecmwf_ifs025_ensemble,shortwave_radiation_member47_ecmwf_ifs025_ensemble,shortwave_radiation_member48_ecmwf_ifs025_ensemble,shortwave_radiation_member49_ecmwf_ifs025_ensemble,shortwave_radiation_member50_ecmwf_ifs025_ensemble,shortwave_radiation_ncep_gefs025,shortwave_radiation_ukmo_global_ensemble_20km
2026-05-22T00:00,,0.0,0.0,0.0,,0.0,0.0,0.0,0.0,0.0,,0.0,0.0,0.0,0.0,0.0,,0.0,0.0,0.0,0.0,0.0,,0.0,0.0,0.0,0.0,0.0,,0.0,0.0,0.0,0.0,0.0,,0.0,0.0,0.0,0.0,0.0,,0.0,0.0,0.0,0.0,0.0,,0.0,0.0,0.0,0.0,0.0,,0.0,0.0,0.0,0.0,0.0,,0.0,0.0,0.0,0.0,0.0,,0.0,0.0,0.0,0.0,0.0,,0.0,0.0,0.0,0.0,0.0,,0.0,0.0,0.0,0.0,0.0,,0.0,0.0,0.0,0.0,0.0,,0.0,0.0,0.0,0.0,0.0,,0.0,0.0,0.0,0.0,0.0,,0.0,0.0,0.0,0.0,0.0,0.0,0.0,0.0,0.0,0.0,0.0,0.0,0.0,0.0,0.0,0.0,0.0,0.0,0.0,0.0,0.0,0.0,0.0,0.0,0.0,0.0,0.0,0.0,0.0,0.0,0.0,0.0,0.0,0.0,0.0,0.0,0.0,0.0,0.0,0.0,0.0,0.0,0.0,0.0,0.0,0.0,0.0,0.0,0.0,0.0,0.0,0.0,0.0,0.0,0.0,0.0,0.0,0.0,0.0,0.0,0.0,0.0,0.0,0.0,0.0,0.0,0.0,0.0,0.0,0.0,0.0,0.0,0.0,0.0,0.0,0.0,0.0,0.0
2026-05-22T01:00,,0.0,0.0,0.0,,0.0,0.0,0.0,0.0,0.0,,0.0,0.0,0.0,0.0,0.0,,0.0,0.0,0.0,0.0,0.0,,0.0,0.0,0.0,0.0,0.0,,0.0,0.0,0.0,0.0,0.0,,0.0,0.0,0.0,0.0,0.0,,0.0,0.0,0.0,0.0,0.0,,0.0,0.0,0.0,0.0,0.0,,0.0,0.0,0.0,0.0,0.0,,0.0,0.0,0.0,0.0,0.0,,0.0,0.0,0.0,0.0,0.0,,0.0,0.0,0.0,0.0,0.0,,0.0,0.0,0.0,0.0,0.0,,0.0,0.0,0.0,0.0,0.0,,0.0,0.0,0.0,0.0,0.0,,0.0,0.0,0.0,0.0,0.0,,0.0,0.0,0.0,0.0,0.0,0.0,0.0,0.0,0.0,0.0,0.0,0.0,0.0,0.0,0.0,0.0,0.0,0.0,0.0,0.0,0.0,0.0,0.0,0.0,0.0,0.0,0.0,0.0,0.0,0.0,0.0,0.0,0.0,0.0,0.0,0.0,0.0,0.0,0.0,0.0,0.0,0.0,0.0,0.0,0.0,0.0,0.0,0.0,0.0,0.0,0.0,0.0,0.0,0.0,0.0,0.0,0.0,0.0,0.0,0.0,0.0,0.0,0.0,0.0,0.0,0.0,0.0,0.0,0.0,0.0,0.0,0.0,0.0,0.0,0.0,0.0,0.0,0.0
2026-05-22T02:00,,0.0,0.0,0.0,,0.0,0.0,0.0,0.0,0.0,,0.0,0.0,0.0,0.0,0.0,,0.0,0.0,0.0,0.0,0.0,,0.0,0.0,0.0,0.0,0.0,,0.0,0.0,0.0,0.0,0.0,,0.0,0.0,0.0,0.0,0.0,,0.0,0.0,0.0,0.0,0.0,,0.0,0.0,0.0,0.0,0.0,,0.0,0.0,0.0,0.0,0.0,,0.0,0.0,0.0,0.0,0.0,,0.0,0.0,0.0,0.0,0.0,,0.0,0.0,0.0,0.0,0.0,,0.0,0.0,0.0,0.0,0.0,,0.0,0.0,0.0,0.0,0.0,,0.0,0.0,0.0,0.0,0.0,,0.0,0.0,0.0,0.0,0.0,,0.0,0.0,0.0,0.0,0.0,0.0,0.0,0.0,0.0,0.0,0.0,0.0,0.0,0.0,0.0,0.0,0.0,0.0,0.0,0.0,0.0,0.0,0.0,0.0,0.0,0.0,0.0,0.0,0.0,0.0,0.0,0.0,0.0,0.0,0.0,0.0,0.0,0.0,0.0,0.0,0.0,0.0,0.0,0.0,0.0,0.0,0.0,0.0,0.0,0.0,0.0,0.0,0.0,0.0,0.0,0.0,0.0,0.0,0.0,0.0,0.0,0.0,0.0,0.0,0.0,0.0,0.0,0.0,0.0,0.0,0.0,0.0,0.0,0.0,0.0,0.0,0.0,0.0
2026-05-22T03:00,,0.0,0.0,0.0,,0.0,0.0,0.0,0.0,0.0,,0.0,0.0,0.0,0.0,0.0,,0.0,0.0,0.0,0.0,0.0,,0.0,0.0,0.0,0.0,0.0,,0.0,0.0,0.0,0.0,0.0,,0.0,0.0,0.0,0.0,0.0,,0.0,0.0,0.0,0.0,0.0,,0.0,0.0,0.0,0.0,0.0,,0.0,0.0,0.0,0.0,0.0,,0.0,0.0,0.0,0.0,0.0,,0.0,0.0,0.0,0.0,0.0,,0.0,0.0,0.0,0.0,0.0,,0.0,0.0,0.0,0.0,0.0,,0.0,0.0,0.0,0.0,0.0,,0.0,0.0,0.0,0.0,0.0,,0.0,0.0,0.0,0.0,0.0,,0.0,0.0,0.0,0.0,0.0,0.0,0.0,0.0,0.0,0.0,0.0,0.0,0.0,0.0,0.0,0.0,0.0,0.0,0.0,0.0,0.0,0.0,0.0,0.0,0.0,0.0,0.0,0.0,0.0,0.0,0.0,0.0,0.0,0.0,0.0,0.0,0.0,0.0,0.0,0.0,0.0,0.0,0.0,0.0,0.0,0.0,0.0,0.0,0.0,0.0,0.0,0.0,0.0,0.0,0.0,0.0,0.0,0.0,0.0,0.0,0.0,0.0,0.0,0.0,0.0,0.0,0.0,0.0,0.0,0.0,0.0,0.0,0.0,0.0,0.0,0.0,0.0,0.0
2026-05-22T04:00,,0.0,0.0,0.0,,0.0,0.0,0.0,0.0,0.0,,0.0,0.0,0.0,0.0,0.0,,0.0,0.0,0.0,0.0,0.0,,0.0,0.0,0.0,0.0,0.0,,0.0,0.0,0.0,0.0,0.0,,0.0,0.0,0.0,0.0,0.0,,0.0,0.0,0.0,0.0,0.0,,0.0,0.0,0.0,0.0,0.0,,0.0,0.0,0.0,0.0,0.0,,0.0,0.0,0.0,0.0,0.0,,0.0,0.0,0.0,0.0,0.0,,0.0,0.0,0.0,0.0,0.0,,0.0,0.0,0.0,0.0,0.0,,0.0,0.0,0.0,0.0,0.0,,0.0,0.0,0.0,0.0,0.0,,0.0,0.0,0.0,0.0,0.0,,0.0,0.0,0.0,0.0,0.0,0.0,0.0,0.0,0.0,0.0,0.0,0.0,0.0,0.0,0.0,0.0,0.0,0.0,0.0,0.0,0.0,0.0,0.0,0.0,0.0,0.0,0.0,0.0,0.0,0.0,0.0,0.0,0.0,0.0,0.0,0.0,0.0,0.0,0.0,0.0,0.0,0.0,0.0,0.0,0.0,0.0,0.0,0.0,0.0,0.0,0.0,0.0,0.0,0.0,0.0,0.0,0.0,0.0,0.0,0.0,0.0,0.0,0.0,0.0,0.0,0.0,0.0,0.0,0.0,0.0,0.0,0.0,0.0,0.0,0.0,0.0,0.0,0.0
2026-05-22T05:00,,0.0,0.0,0.0,,0.0,0.0,0.0,0.0,0.0,,0.0,0.0,0.0,0.0,0.0,,0.0,0.0,0.0,0.0,0.0,,0.0,0.0,0.0,0.0,0.0,,0.0,0.0,0.0,0.0,0.0,,0.0,0.0,0.0,0.0,0.0,,0.0,0.0,0.0,0.0,0.0,,0.0,0.0,0.0,0.0,0.0,,0.0,0.0,0.0,0.0,0.0,,0.0,0.0,0.0,0.0,0.0,,0.0,0.0,0.0,0.0,0.0,,0.0,0.0,0.0,0.0,0.0,,0.0,0.0,0.0,0.0,0.0,,0.0,0.0,0.0,0.0,0.0,,0.0,0.0,0.0,0.0,0.0,,0.0,0.0,0.0,0.0,0.0,,0.0,0.0,0.0,0.0,0.0,0.0,0.0,0.0,0.0,0.0,0.0,0.0,0.0,0.0,0.0,0.0,0.0,0.0,0.0,0.0,0.0,0.0,0.0,0.0,0.0,0.0,0.0,0.0,0.0,0.0,0.0,0.0,0.0,0.0,0.0,0.0,0.0,0.0,0.0,0.0,0.0,0.0,0.0,0.0,0.0,0.0,0.0,0.0,0.0,0.0,0.0,0.0,0.0,0.0,0.0,0.0,0.0,0.0,0.0,0.0,0.0,0.0,0.0,0.0,0.0,0.0,0.0,0.0,0.0,0.0,0.0,0.0,0.0,0.0,0.0,0.0,0.0,0.0
2026-05-22T06:00,,34.0,42.0,14.0,,30.0,38.0,22.0,32.0,27.0,,35.0,39.0,17.0,16.0,14.0,,34.0,41.0,18.0,21.0,25.0,,33.0,43.0,19.0,6.0,14.0,,33.0,44.0,17.0,33.0,27.0,,32.0,36.0,18.0,31.0,8.0,,36.0,43.0,22.0,18.0,19.0,,25.0,42.0,20.0,14.0,26.0,,31.0,37.0,17.0,26.0,26.0,,34.0,38.0,20.0,35.0,6.0,,35.0,38.0,20.0,30.0,9.0,,34.0,42.0,16.0,33.0,26.0,,23.0,38.0,15.0,33.0,17.0,,26.0,33.0,18.0,34.0,13.0,,34.0,44.0,13.0,6.0,17.0,,35.0,42.0,21.0,33.0,16.0,,29.0,36.0,18.0,18.0,22.0,33.0,41.0,19.0,31.0,25.0,44.0,17.0,18.0,33.0,43.0,17.0,16.0,29.0,18.0,26.0,33.0,20.0,35.0,31.0,21.0,27.0,31.0,18.0,36.0,30.0,17.0,33.0,26.0,14.0,23.0,34.0,18.0,37.0,27.0,18.0,38.0,30.0,15.0,32.0,31.0,20.0,34.0,28.0,22.0,35.0,17.0,27.0,21.0,38.0,19.0,33.0,17.0,30.0,21.0,29.0,20.0,32.0,17.0,35.0,22.0,23.0,34.0,35.0,29.0,37.0,33.0,34.0,35.0,30.0,26.0,31.0,33.0,23.0
2026-05-22T07:00,,129.0,154.0,53.0,,114.0,142.0,99.0,123.0,140.0,,133.0,146.0,79.0,67.0,61.0,,128.0,153.0,84.0,83.0,130.0,,125.0,159.0,89.0,26.0,48.0,,124.0,163.0,72.0,125.0,133.0,,119.0,133.0,84.0,115.0,58.0,,134.0,158.0,94.0,71.0,101.0,,98.0,154.0,92.0,51.0,131.0,,118.0,138.0,70.0,101.0,112.0,,129.0,143.0,96.0,127.0,110.0,,133.0,143.0,85.0,111.0,100.0,,129.0,155.0,63.0,125.0,88.0,,89.0,142.0,69.0,123.0,67.0,,101.0,127.0,80.0,127.0,108.0,,129.0,162.0,63.0,32.0,112.0,,132.0,156.0,95.0,125.0,80.0,,109.0,135.0,81.0,71.0,102.0,123.0,150.0,91.0,117.0,96.0,163.0,67.0,71.0,125.0,158.0,80.0,65.0,110.0,85.0,101.0,124.0,87.0,133.0,120.0,95.0,103.0,117.0,74.0,136.0,116.0,73.0,127.0,98.0,83.0,91.0,127.0,77.0,138.0,106.0,82.0,142.0,116.0,71.0,119.0,115.0,75.0,129.0,106.0,101.0,133.0,76.0,104.0,89.0,138.0,73.0,126.0,84.0,113.0,92.0,109.0,84.0,120.0,75.0,133.0,101.0,88.0,126.0,132.0,110.0,139.0,125.0,130.0,131.0,113.0,96.0,116.0,123.0,105.0
2026-05-22T08:00,,257.0,283.0,117.0,,228.0,272.0,198.0,246.0,275.0,,262.0,273.0,164.0,167.0,243.0,,246.0,286.0,172.0,183.0,278.0,,236.0,293.0,157.0,71.0,42.0,,238.0,305.0,141.0,234.0,278.0,,221.0,237.0,159.0,204.0,120.0,,262.0,289.0,193.0,167.0,91.0,,210.0,286.0,203.0,91.0,273.0,,232.0,252.0,166.0,214.0,281.0,,251.0,271.0,203.0,214.0,102.0,,254.0,273.0,167.0,197.0,217.0,,255.0,289.0,128.0,241.0,244.0,,188.0,272.0,146.0,232.0,193.0,,206.0,252.0,167.0,241.0,273.0,,245.0,293.0,121.0,110.0,245.0,,259.0,285.0,192.0,239.0,182.0,,209.0,252.0,186.0,147.0,280.0,240.0,274.0,181.0,227.0,204.0,302.0,134.0,168.0,237.0,292.0,168.0,151.0,222.0,197.0,208.0,235.0,192.0,253.0,244.0,186.0,215.0,233.0,165.0,263.0,234.0,165.0,251.0,204.0,181.0,205.0,246.0,168.0,268.0,226.0,173.0,269.0,237.0,133.0,228.0,217.0,147.0,249.0,210.0,216.0,257.0,179.0,207.0,193.0,252.0,149.0,250.0,188.0,233.0,195.0,203.0,162.0,223.0,164.0,250.0,214.0,192.0,238.0,242.0,230.0,270.0,247.0,256.0,257.0,226.0,186.0,233.0,239.0,255.0
2026-05-22T09:00,,422.0,423.0,144.0,,375.0,426.0,304.0,409.0,391.0,,426.0,417.0,219.0,331.0,437.0,,390.0,436.0,259.0,333.0,402.0,,367.0,441.0,252.0,155.0,156.0,,376.0,466.0,222.0,361.0,393.0,,337.0,346.0,265.0,296.0,180.0,,420.0,430.0,302.0,318.0,134.0,,368.0,433.0,327.0,133.0,433.0,,375.0,374.0,256.0,374.0,436.0,,403.0,423.0,303.0,286.0,203.0,,401.0,427.0,287.0,285.0,403.0,,416.0,441.0,230.0,382.0,298.0,,327.0,427.0,155.0,361.0,429.0,,345.0,416.0,223.0,376.0,429.0,,381.0,429.0,173.0,262.0,378.0,,420.0,424.0,314.0,379.0,374.0,,331.0,383.0,291.0,251.0,433.0,387.0,406.0,260.0,364.0,358.0,457.0,246.0,320.0,371.0,439.0,253.0,284.0,370.0,308.0,355.0,366.0,287.0,399.0,408.0,310.0,371.0,382.0,274.0,417.0,388.0,271.0,411.0,349.0,280.0,376.0,393.0,322.0,426.0,398.0,260.0,416.0,399.0,257.0,361.0,337.0,246.0,399.0,344.0,335.0,408.0,271.0,340.0,313.0,371.0,223.0,410.0,288.0,396.0,284.0,311.0,263.0,341.0,285.0,388.0,339.0,344.0,369.0,364.0,396.0,430.0,405.0,416.0,416.0,371.0,295.0,385.0,385.0,412.0
2026-05-22T10:00,,564.0,557.0,237.0,,512.0,577.0,423.0,567.0,573.0,,565.0,561.0,274.0,506.0,581.0,,528.0,582.0,317.0,496.0,532.0,,494.0,571.0,345.0,273.0,344.0,,503.0,607.0,312.0,486.0,570.0,,444.0,461.0,398.0,395.0,261.0,,557.0,567.0,425.0,476.0,234.0,,508.0,563.0,417.0,203.0,579.0,,502.0,498.0,322.0,537.0,581.0,,544.0,572.0,396.0,354.0,400.0,,532.0,578.0,405.0,385.0,518.0,,546.0,589.0,351.0,516.0,530.0,,457.0,575.0,254.0,486.0,580.0,,475.0,581.0,337.0,506.0,582.0,,499.0,548.0,245.0,435.0,534.0,,556.0,551.0,408.0,516.0,294.0,,452.0,504.0,408.0,375.0,579.0,514.0,526.0,326.0,496.0,516.0,603.0,316.0,476.0,496.0,573.0,323.0,435.0,515.0,402.0,506.0,483.0,354.0,537.0,560.0,427.0,527.0,511.0,428.0,567.0,527.0,375.0,557.0,488.0,368.0,537.0,524.0,408.0,577.0,561.0,385.0,547.0,546.0,342.0,496.0,450.0,274.0,547.0,459.0,419.0,539.0,397.0,464.0,438.0,468.0,358.0,552.0,352.0,545.0,424.0,418.0,385.0,447.0,396.0,518.0,458.0,494.0,490.0,473.0,544.0,570.0,555.0,556.0,552.0,496.0,395.0,515.0,527.0,575.0
2026-05-22T11:00,,602.0,664.0,279.0,,583.0,693.0,499.0,667.0,682.0,,593.0,689.0,355.0,629.0,702.0,,616.0,699.0,398.0,628.0,693.0,,592.0,644.0,356.0,445.0,497.0,,573.0,672.0,281.0,587.0,679.0,,516.0,594.0,337.0,511.0,449.0,,600.0,685.0,495.0,583.0,306.0,,538.0,633.0,380.0,347.0,696.0,,553.0,623.0,392.0,646.0,671.0,,616.0,691.0,407.0,443.0,443.0,,592.0,704.0,503.0,522.0,655.0,,548.0,712.0,304.0,600.0,681.0,,510.0,676.0,277.0,587.0,699.0,,538.0,704.0,402.0,595.0,649.0,,545.0,620.0,312.0,568.0,697.0,,589.0,640.0,467.0,622.0,481.0,,545.0,587.0,500.0,508.0,642.0,555.0,605.0,396.0,588.0,632.0,719.0,389.0,566.0,576.0,660.0,381.0,569.0,611.0,479.0,613.0,545.0,451.0,629.0,625.0,445.0,632.0,547.0,505.0,677.0,571.0,439.0,622.0,562.0,343.0,586.0,580.0,454.0,680.0,634.0,438.0,611.0,600.0,344.0,611.0,529.0,417.0,655.0,484.0,425.0,579.0,451.0,525.0,505.0,502.0,349.0,601.0,417.0,600.0,538.0,514.0,487.0,509.0,438.0,607.0,477.0,583.0,569.0,543.0,585.0,624.0,643.0,601.0,587.0,526.0,445.0,544.0,630.0,694.0
2026-05-22T12:00,,544.0,738.0,285.0,,587.0,766.0,550.0,707.0,754.0,,522.0,789.0,302.0,692.0,746.0,,654.0,778.0,322.0,722.0,775.0,,656.0,660.0,342.0,643.0,584.0,,585.0,667.0,211.0,658.0,765.0,,548.0,729.0,288.0,632.0,722.0,,558.0,776.0,504.0,636.0,681.0,,471.0,645.0,342.0,543.0,772.0,,532.0,734.0,419.0,700.0,662.0,,623.0,772.0,457.0,539.0,705.0,,586.0,792.0,528.0,676.0,740.0,,441.0,800.0,248.0,632.0,728.0,,492.0,727.0,317.0,654.0,772.0,,535.0,779.0,389.0,640.0,761.0,,525.0,645.0,325.0,652.0,748.0,,528.0,687.0,462.0,688.0,694.0,,605.0,628.0,425.0,640.0,591.0,516.0,644.0,304.0,635.0,696.0,793.0,390.0,591.0,608.0,698.0,383.0,676.0,653.0,414.0,675.0,551.0,454.0,673.0,609.0,484.0,681.0,498.0,500.0,741.0,532.0,465.0,612.0,572.0,316.0,539.0,565.0,425.0,728.0,624.0,442.0,612.0,570.0,284.0,696.0,569.0,381.0,720.0,433.0,341.0,539.0,322.0,526.0,499.0,479.0,296.0,564.0,416.0,571.0,562.0,587.0,451.0,526.0,427.0,650.0,487.0,608.0,601.0,570.0,530.0,597.0,668.0,560.0,532.0,469.0,449.0,482.0,687.0,755.0
2026-05-22T13:00,,469.0,774.0,317.0,,555.0,783.0,466.0,705.0,678.0,,441.0,827.0,282.0,692.0,795.0,,657.0,816.0,313.0,766.0,745.0,,680.0,653.0,393.0,753.0,452.0,,572.0,645.0,198.0,692.0,758.0,,540.0,816.0,351.0,723.0,720.0,,503.0,826.0,475.0,638.0,671.0,,392.0,641.0,320.0,688.0,811.0,,482.0,795.0,394.0,715.0,743.0,,602.0,814.0,439.0,589.0,672.0,,550.0,807.0,470.0,774.0,814.0,,339.0,840.0,239.0,640.0,762.0,,450.0,745.0,257.0,662.0,815.0,,500.0,814.0,289.0,662.0,684.0,,488.0,641.0,290.0,672.0,793.0,,448.0,710.0,443.0,707.0,782.0,,628.0,635.0,443.0,731.0,809.0,459.0,657.0,275.0,644.0,699.0,812.0,343.0,581.0,605.0,709.0,321.0,731.0,644.0,388.0,711.0,523.0,473.0,680.0,570.0,473.0,670.0,433.0,543.0,762.0,482.0,430.0,585.0,548.0,309.0,483.0,517.0,338.0,721.0,584.0,442.0,595.0,519.0,345.0,733.0,566.0,459.0,747.0,378.0,325.0,486.0,376.0,501.0,481.0,446.0,285.0,502.0,399.0,526.0,616.0,607.0,408.0,515.0,350.0,658.0,429.0,588.0,589.0,564.0,459.0,546.0,655.0,504.0,462.0,394.0,434.0,412.0,686.0,780.0
2026-05-22T14:00,,420.0,767.0,299.0,,498.0,729.0,455.0,663.0,450.0,,407.0,768.0,277.0,611.0,732.0,,633.0,813.0,379.0,744.0,603.0,,663.0,647.0,336.0,679.0,451.0,,553.0,640.0,192.0,692.0,546.0,,484.0,823.0,321.0,766.0,627.0,,480.0,828.0,522.0,576.0,450.0,,357.0,652.0,302.0,713.0,455.0,,428.0,777.0,296.0,696.0,554.0,,578.0,818.0,421.0,551.0,465.0,,506.0,712.0,408.0,762.0,501.0,,322.0,821.0,306.0,638.0,719.0,,406.0,746.0,300.0,583.0,612.0,,442.0,815.0,311.0,674.0,269.0,,465.0,616.0,307.0,592.0,696.0,,389.0,721.0,351.0,663.0,603.0,,612.0,608.0,374.0,760.0,667.0,422.0,658.0,329.0,615.0,613.0,756.0,396.0,542.0,574.0,707.0,299.0,707.0,577.0,348.0,737.0,468.0,431.0,656.0,538.0,533.0,577.0,398.0,509.0,733.0,474.0,377.0,581.0,498.0,314.0,485.0,452.0,385.0,644.0,545.0,469.0,594.0,486.0,317.0,708.0,506.0,463.0,746.0,365.0,324.0,468.0,353.0,470.0,390.0,435.0,314.0,446.0,357.0,511.0,533.0,542.0,351.0,482.0,261.0,637.0,384.0,525.0,519.0,524.0,421.0,505.0,612.0,479.0,423.0,338.0,421.0,388.0,601.0,671.0
2026-05-22T15:00,,377.0,719.0,290.0,,419.0,624.0,329.0,587.0,458.0,,385.0,647.0,316.0,476.0,678.0,,581.0,766.0,339.0,669.0,681.0,,606.0,626.0,409.0,501.0,442.0,,517.0,629.0,263.0,652.0,628.0,,395.0,766.0,332.0,761.0,556.0,,461.0,784.0,398.0,471.0,423.0,,333.0,653.0,324.0,657.0,510.0,,364.0,700.0,301.0,640.0,533.0,,537.0,779.0,366.0,463.0,437.0,,447.0,551.0,370.0,677.0,661.0,,338.0,751.0,368.0,616.0,616.0,,353.0,716.0,260.0,452.0,654.0,,366.0,773.0,277.0,660.0,349.0,,439.0,570.0,309.0,451.0,606.0,,335.0,707.0,345.0,575.0,691.0,,558.0,552.0,374.0,732.0,525.0,385.0,636.0,360.0,550.0,473.0,649.0,310.0,476.0,515.0,680.0,390.0,625.0,470.0,307.0,733.0,392.0,429.0,601.0,498.0,411.0,437.0,367.0,388.0,662.0,470.0,383.0,571.0,426.0,320.0,495.0,373.0,347.0,524.0,493.0,457.0,584.0,449.0,363.0,633.0,411.0,379.0,707.0,367.0,385.0,454.0,336.0,424.0,308.0,426.0,348.0,385.0,388.0,497.0,404.0,425.0,313.0,428.0,388.0,584.0,419.0,429.0,414.0,458.0,388.0,459.0,540.0,457.0,390.0,286.0,398.0,375.0,468.0,673.0
2026-05-22T16:00,,333.0,637.0,256.0,,346.0,513.0,372.0,507.0,524.0,,344.0,529.0,321.0,365.0,538.0,,510.0,675.0,355.0,578.0,498.0,,526.0,573.0,391.0,365.0,388.0,,453.0,585.0,267.0,568.0,472.0,,312.0,670.0,375.0,700.0,557.0,,423.0,696.0,391.0,385.0,564.0,,300.0,612.0,406.0,578.0,484.0,,301.0,599.0,340.0,568.0,468.0,,474.0,695.0,368.0,385.0,298.0,,380.0,418.0,361.0,568.0,581.0,,329.0,647.0,334.0,568.0,540.0,,301.0,643.0,325.0,345.0,517.0,,301.0,689.0,319.0,609.0,293.0,,405.0,514.0,253.0,355.0,544.0,,287.0,648.0,310.0,487.0,600.0,,475.0,482.0,357.0,649.0,551.0,340.0,577.0,390.0,467.0,370.0,547.0,349.0,416.0,443.0,619.0,328.0,538.0,371.0,372.0,680.0,317.0,381.0,527.0,451.0,412.0,335.0,317.0,428.0,578.0,436.0,372.0,527.0,364.0,316.0,456.0,308.0,366.0,426.0,431.0,425.0,538.0,404.0,351.0,538.0,324.0,394.0,619.0,360.0,313.0,410.0,330.0,364.0,372.0,391.0,369.0,329.0,383.0,457.0,372.0,328.0,335.0,363.0,378.0,508.0,441.0,340.0,337.0,384.0,342.0,406.0,463.0,410.0,355.0,247.0,352.0,346.0,375.0,547.0
2026-05-22T17:00,,290.0,537.0,224.0,,292.0,421.0,342.0,443.0,513.0,,273.0,449.0,292.0,311.0,404.0,,433.0,551.0,275.0,494.0,355.0,,434.0,497.0,383.0,328.0,306.0,,363.0,517.0,284.0,440.0,522.0,,254.0,554.0,317.0,588.0,458.0,,363.0,576.0,372.0,349.0,311.0,,252.0,531.0,374.0,503.0,426.0,,245.0,495.0,341.0,497.0,442.0,,394.0,575.0,364.0,358.0,344.0,,312.0,354.0,365.0,457.0,435.0,,278.0,523.0,278.0,506.0,533.0,,260.0,533.0,259.0,292.0,405.0,,261.0,573.0,262.0,524.0,357.0,,370.0,466.0,236.0,353.0,338.0,,255.0,550.0,369.0,422.0,548.0,,362.0,414.0,366.0,519.0,471.0,287.0,489.0,429.0,382.0,342.0,480.0,375.0,382.0,368.0,532.0,300.0,475.0,305.0,306.0,581.0,258.0,361.0,451.0,409.0,385.0,310.0,243.0,324.0,501.0,364.0,322.0,461.0,332.0,265.0,350.0,278.0,335.0,384.0,368.0,340.0,453.0,353.0,303.0,437.0,262.0,342.0,482.0,347.0,357.0,330.0,307.0,294.0,364.0,329.0,375.0,287.0,405.0,391.0,348.0,278.0,371.0,294.0,360.0,416.0,387.0,274.0,314.0,314.0,276.0,352.0,399.0,333.0,319.0,228.0,279.0,293.0,368.0,457.0
2026-05-22T18:00,,244.0,418.0,219.0,,241.0,328.0,301.0,370.0,318.0,,197.0,368.0,246.0,268.0,435.0,,344.0,409.0,241.0,398.0,119.0,,332.0,399.0,273.0,303.0,134.0,,265.0,423.0,244.0,301.0,347.0,,202.0,419.0,240.0,446.0,223.0,,290.0,434.0,329.0,313.0,269.0,,200.0,421.0,297.0,408.0,319.0,,193.0,380.0,276.0,410.0,373.0,,304.0,434.0,290.0,322.0,274.0,,242.0,302.0,305.0,341.0,412.0,,215.0,387.0,207.0,420.0,394.0,,216.0,402.0,209.0,251.0,312.0,,223.0,436.0,271.0,414.0,402.0,,320.0,400.0,206.0,353.0,370.0,,221.0,425.0,284.0,352.0,396.0,,247.0,336.0,291.0,369.0,332.0,229.0,380.0,345.0,289.0,321.0,408.0,275.0,339.0,286.0,421.0,225.0,400.0,245.0,258.0,453.0,203.0,295.0,362.0,353.0,327.0,294.0,168.0,313.0,411.0,277.0,260.0,370.0,295.0,246.0,230.0,248.0,241.0,344.0,298.0,253.0,349.0,293.0,253.0,330.0,208.0,265.0,333.0,314.0,293.0,240.0,251.0,221.0,247.0,252.0,271.0,244.0,311.0,309.0,261.0,237.0,260.0,222.0,276.0,315.0,245.0,215.0,294.0,243.0,208.0,292.0,328.0,247.0,274.0,208.0,201.0,230.0,362.0,346.0
2026-05-22T19:00,,181.0,278.0,147.0,,176.0,224.0,197.0,263.0,176.0,,134.0,256.0,179.0,199.0,281.0,,239.0,263.0,158.0,275.0,272.0,,224.0,272.0,169.0,233.0,203.0,,174.0,291.0,140.0,187.0,252.0,,142.0,273.0,186.0,293.0,255.0,,205.0,282.0,213.0,235.0,254.0,,146.0,284.0,201.0,283.0,237.0,,141.0,252.0,182.0,287.0,243.0,,206.0,283.0,202.0,227.0,145.0,,171.0,217.0,217.0,225.0,168.0,,153.0,251.0,151.0,295.0,257.0,,159.0,262.0,144.0,187.0,189.0,,168.0,285.0,192.0,281.0,266.0,,236.0,285.0,145.0,279.0,258.0,,160.0,281.0,190.0,251.0,257.0,,157.0,231.0,202.0,233.0,137.0,163.0,252.0,213.0,181.0,248.0,290.0,183.0,251.0,198.0,284.0,156.0,285.0,171.0,175.0,303.0,142.0,209.0,251.0,258.0,214.0,229.0,111.0,186.0,287.0,187.0,189.0,241.0,221.0,178.0,141.0,186.0,175.0,257.0,209.0,152.0,235.0,212.0,163.0,221.0,149.0,169.0,207.0,238.0,194.0,156.0,180.0,151.0,170.0,170.0,176.0,180.0,201.0,216.0,173.0,172.0,183.0,151.0,180.0,213.0,176.0,152.0,228.0,168.0,146.0,211.0,233.0,165.0,204.0,163.0,137.0,163.0,283.0,201.0
2026-05-22T20:00,,106.0,136.0,76.0,,101.0,116.0,95.0,137.0,100.0,,82.0,128.0,86.0,111.0,133.0,,129.0,128.0,84.0,141.0,126.0,,119.0,134.0,75.0,127.0,123.0,,95.0,143.0,75.0,101.0,128.0,,78.0,133.0,87.0,147.0,118.0,,115.0,136.0,100.0,127.0,122.0,,91.0,139.0,92.0,145.0,126.0,,89.0,125.0,92.0,147.0,108.0,,109.0,140.0,97.0,95.0,105.0,,101.0,110.0,102.0,119.0,72.0,,93.0,126.0,75.0,151.0,121.0,,91.0,128.0,77.0,106.0,123.0,,98.0,138.0,84.0,143.0,129.0,,130.0,142.0,74.0,148.0,132.0,,81.0,137.0,80.0,132.0,121.0,,92.0,115.0,98.0,121.0,112.0,92.0,122.0,100.0,73.0,136.0,146.0,81.0,134.0,109.0,139.0,78.0,147.0,90.0,90.0,152.0,77.0,103.0,131.0,139.0,98.0,125.0,69.0,91.0,147.0,101.0,89.0,99.0,121.0,86.0,82.0,101.0,81.0,136.0,111.0,70.0,124.0,119.0,74.0,117.0,86.0,83.0,109.0,132.0,94.0,82.0,92.0,86.0,92.0,89.0,76.0,100.0,96.0,120.0,86.0,91.0,91.0,83.0,86.0,117.0,87.0,87.0,128.0,94.0,90.0,118.0,124.0,92.0,116.0,97.0,86.0,95.0,149.0,91.0
2026-05-22T21:00,,33.0,32.0,15.0,,31.0,31.0,19.0,36.0,2.0,,28.0,31.0,17.0,32.0,2.0,,36.0,31.0,18.0,36.0,2.0,,33.0,32.0,15.0,34.0,2.0,,28.0,33.0,15.0,31.0,2.0,,22.0,31.0,17.0,37.0,1.0,,34.0,32.0,20.0,34.0,2.0,,31.0,32.0,18.0,37.0,2.0,,31.0,30.0,18.0,37.0,1.0,,30.0,34.0,20.0,13.0,1.0,,32.0,27.0,20.0,33.0,2.0,,31.0,32.0,16.0,37.0,1.0,,28.0,31.0,17.0,31.0,2.0,,30.0,32.0,17.0,36.0,2.0,,36.0,33.0,15.0,37.0,2.0,,19.0,32.0,14.0,35.0,1.0,,31.0,27.0,19.0,33.0,2.0,28.0,28.0,19.0,10.0,37.0,35.0,16.0,35.0,32.0,32.0,17.0,37.0,24.0,16.0,37.0,22.0,20.0,35.0,38.0,19.0,34.0,25.0,19.0,37.0,29.0,17.0,13.0,33.0,19.0,28.0,27.0,16.0,35.0,30.0,14.0,34.0,35.0,16.0,33.0,27.0,17.0,32.0,37.0,19.0,23.0,18.0,27.0,19.0,24.0,16.0,29.0,19.0,35.0,18.0,24.0,19.0,25.0,17.0,35.0,19.0,27.0,36.0,28.0,31.0,35.0,34.0,28.0,35.0,30.0,30.0,30.0,37.0,1.0
2026-05-22T22:00,,0.0,0.0,0.0,,0.0,0.0,0.0,0.0,0.0,,0.0,0.0,0.0,0.0,0.0,,0.0,0.0,0.0,0.0,0.0,,0.0,0.0,0.0,0.0,0.0,,0.0,0.0,0.0,0.0,0.0,,0.0,0.0,0.0,0.0,0.0,,0.0,0.0,0.0,0.0,0.0,,0.0,0.0,0.0,0.0,0.0,,0.0,0.0,0.0,0.0,0.0,,0.0,0.0,0.0,0.0,0.0,,0.0,0.0,0.0,0.0,0.0,,0.0,0.0,0.0,0.0,0.0,,0.0,0.0,0.0,0.0,0.0,,0.0,0.0,0.0,0.0,0.0,,0.0,0.0,0.0,0.0,0.0,,0.0,0.0,0.0,0.0,0.0,,0.0,0.0,0.0,0.0,0.0,0.0,0.0,0.0,0.0,0.0,0.0,0.0,0.0,0.0,0.0,0.0,0.0,0.0,0.0,0.0,0.0,0.0,0.0,0.0,0.0,0.0,0.0,0.0,0.0,0.0,0.0,0.0,0.0,0.0,0.0,0.0,0.0,0.0,0.0,0.0,0.0,0.0,0.0,0.0,0.0,0.0,0.0,0.0,0.0,0.0,0.0,0.0,0.0,0.0,0.0,0.0,0.0,0.0,0.0,0.0,0.0,0.0,0.0,0.0,0.0,0.0,0.0,0.0,0.0,0.0,0.0,0.0,0.0,0.0,0.0,0.0,0.0,0.0
2026-05-22T23:00,,0.0,0.0,0.0,,0.0,0.0,0.0,0.0,0.0,,0.0,0.0,0.0,0.0,0.0,,0.0,0.0,0.0,0.0,0.0,,0.0,0.0,0.0,0.0,0.0,,0.0,0.0,0.0,0.0,0.0,,0.0,0.0,0.0,0.0,0.0,,0.0,0.0,0.0,0.0,0.0,,0.0,0.0,0.0,0.0,0.0,,0.0,0.0,0.0,0.0,0.0,,0.0,0.0,0.0,0.0,0.0,,0.0,0.0,0.0,0.0,0.0,,0.0,0.0,0.0,0.0,0.0,,0.0,0.0,0.0,0.0,0.0,,0.0,0.0,0.0,0.0,0.0,,0.0,0.0,0.0,0.0,0.0,,0.0,0.0,0.0,0.0,0.0,,0.0,0.0,0.0,0.0,0.0,0.0,0.0,0.0,0.0,0.0,0.0,0.0,0.0,0.0,0.0,0.0,0.0,0.0,0.0,0.0,0.0,0.0,0.0,0.0,0.0,0.0,0.0,0.0,0.0,0.0,0.0,0.0,0.0,0.0,0.0,0.0,0.0,0.0,0.0,0.0,0.0,0.0,0.0,0.0,0.0,0.0,0.0,0.0,0.0,0.0,0.0,0.0,0.0,0.0,0.0,0.0,0.0,0.0,0.0,0.0,0.0,0.0,0.0,0.0,0.0,0.0,0.0,0.0,0.0,0.0,0.0,0.0,0.0,0.0,0.0,0.0,0.0,0.0
2026-05-23T00:00,,0.0,0.0,0.0,,0.0,0.0,0.0,0.0,0.0,,0.0,0.0,0.0,0.0,0.0,,0.0,0.0,0.0,0.0,0.0,,0.0,0.0,0.0,0.0,0.0,,0.0,0.0,0.0,0.0,0.0,,0.0,0.0,0.0,0.0,0.0,,0.0,0.0,0.0,0.0,0.0,,0.0,0.0,0.0,0.0,0.0,,0.0,0.0,0.0,0.0,0.0,,0.0,0.0,0.0,0.0,0.0,,0.0,0.0,0.0,0.0,0.0,,0.0,0.0,0.0,0.0,0.0,,0.0,0.0,0.0,0.0,0.0,,0.0,0.0,0.0,0.0,0.0,,0.0,0.0,0.0,0.0,0.0,,0.0,0.0,0.0,0.0,0.0,,0.0,0.0,0.0,0.0,0.0,0.0,0.0,0.0,0.0,0.0,0.0,0.0,0.0,0.0,0.0,0.0,0.0,0.0,0.0,0.0,0.0,0.0,0.0,0.0,0.0,0.0,0.0,0.0,0.0,0.0,0.0,0.0,0.0,0.0,0.0,0.0,0.0,0.0,0.0,0.0,0.0,0.0,0.0,0.0,0.0,0.0,0.0,0.0,0.0,0.0,0.0,0.0,0.0,0.0,0.0,0.0,0.0,0.0,0.0,0.0,0.0,0.0,0.0,0.0,0.0,0.0,0.0,0.0,0.0,0.0,0.0,0.0,0.0,0.0,0.0,0.0,0.0,0.0
2026-05-23T01:00,,0.0,0.0,0.0,,0.0,0.0,0.0,0.0,0.0,,0.0,0.0,0.0,0.0,0.0,,0.0,0.0,0.0,0.0,0.0,,0.0,0.0,0.0,0.0,0.0,,0.0,0.0,0.0,0.0,0.0,,0.0,0.0,0.0,0.0,0.0,,0.0,0.0,0.0,0.0,0.0,,0.0,0.0,0.0,0.0,0.0,,0.0,0.0,0.0,0.0,0.0,,0.0,0.0,0.0,0.0,0.0,,0.0,0.0,0.0,0.0,0.0,,0.0,0.0,0.0,0.0,0.0,,0.0,0.0,0.0,0.0,0.0,,0.0,0.0,0.0,0.0,0.0,,0.0,0.0,0.0,0.0,0.0,,0.0,0.0,0.0,0.0,0.0,,0.0,0.0,0.0,0.0,0.0,0.0,0.0,0.0,0.0,0.0,0.0,0.0,0.0,0.0,0.0,0.0,0.0,0.0,0.0,0.0,0.0,0.0,0.0,0.0,0.0,0.0,0.0,0.0,0.0,0.0,0.0,0.0,0.0,0.0,0.0,0.0,0.0,0.0,0.0,0.0,0.0,0.0,0.0,0.0,0.0,0.0,0.0,0.0,0.0,0.0,0.0,0.0,0.0,0.0,0.0,0.0,0.0,0.0,0.0,0.0,0.0,0.0,0.0,0.0,0.0,0.0,0.0,0.0,0.0,0.0,0.0,0.0,0.0,0.0,0.0,0.0,0.0,0.0
2026-05-23T02:00,,0.0,0.0,0.0,,0.0,0.0,0.0,0.0,0.0,,0.0,0.0,0.0,0.0,0.0,,0.0,0.0,0.0,0.0,0.0,,0.0,0.0,0.0,0.0,0.0,,0.0,0.0,0.0,0.0,0.0,,0.0,0.0,0.0,0.0,0.0,,0.0,0.0,0.0,0.0,0.0,,0.0,0.0,0.0,0.0,0.0,,0.0,0.0,0.0,0.0,0.0,,0.0,0.0,0.0,0.0,0.0,,0.0,0.0,0.0,0.0,0.0,,0.0,0.0,0.0,0.0,0.0,,0.0,0.0,0.0,0.0,0.0,,0.0,0.0,0.0,0.0,0.0,,0.0,0.0,0.0,0.0,0.0,,0.0,0.0,0.0,0.0,0.0,,0.0,0.0,0.0,0.0,0.0,0.0,0.0,0.0,0.0,0.0,0.0,0.0,0.0,0.0,0.0,0.0,0.0,0.0,0.0,0.0,0.0,0.0,0.0,0.0,0.0,0.0,0.0,0.0,0.0,0.0,0.0,0.0,0.0,0.0,0.0,0.0,0.0,0.0,0.0,0.0,0.0,0.0,0.0,0.0,0.0,0.0,0.0,0.0,0.0,0.0,0.0,0.0,0.0,0.0,0.0,0.0,0.0,0.0,0.0,0.0,0.0,0.0,0.0,0.0,0.0,0.0,0.0,0.0,0.0,0.0,0.0,0.0,0.0,0.0,0.0,0.0,0.0,0.0
2026-05-23T03:00,,0.0,0.0,0.0,,0.0,0.0,0.0,0.0,0.0,,0.0,0.0,0.0,0.0,0.0,,0.0,0.0,0.0,0.0,0.0,,0.0,0.0,0.0,0.0,0.0,,0.0,0.0,0.0,0.0,0.0,,0.0,0.0,0.0,0.0,0.0,,0.0,0.0,0.0,0.0,0.0,,0.0,0.0,0.0,0.0,0.0,,0.0,0.0,0.0,0.0,0.0,,0.0,0.0,0.0,0.0,0.0,,0.0,0.0,0.0,0.0,0.0,,0.0,0.0,0.0,0.0,0.0,,0.0,0.0,0.0,0.0,0.0,,0.0,0.0,0.0,0.0,0.0,,0.0,0.0,0.0,0.0,0.0,,0.0,0.0,0.0,0.0,0.0,,0.0,0.0,0.0,0.0,0.0,0.0,0.0,0.0,0.0,0.0,0.0,0.0,0.0,0.0,0.0,0.0,0.0,0.0,0.0,0.0,0.0,0.0,0.0,0.0,0.0,0.0,0.0,0.0,0.0,0.0,0.0,0.0,0.0,0.0,0.0,0.0,0.0,0.0,0.0,0.0,0.0,0.0,0.0,0.0,0.0,0.0,0.0,0.0,0.0,0.0,0.0,0.0,0.0,0.0,0.0,0.0,0.0,0.0,0.0,0.0,0.0,0.0,0.0,0.0,0.0,0.0,0.0,0.0,0.0,0.0,0.0,0.0,0.0,0.0,0.0,0.0,0.0,0.0
2026-05-23T04:00,,0.0,0.0,0.0,,0.0,0.0,0.0,0.0,0.0,,0.0,0.0,0.0,0.0,0.0,,0.0,0.0,0.0,0.0,0.0,,0.0,0.0,0.0,0.0,0.0,,0.0,0.0,0.0,0.0,0.0,,0.0,0.0,0.0,0.0,0.0,,0.0,0.0,0.0,0.0,0.0,,0.0,0.0,0.0,0.0,0.0,,0.0,0.0,0.0,0.0,0.0,,0.0,0.0,0.0,0.0,0.0,,0.0,0.0,0.0,0.0,0.0,,0.0,0.0,0.0,0.0,0.0,,0.0,0.0,0.0,0.0,0.0,,0.0,0.0,0.0,0.0,0.0,,0.0,0.0,0.0,0.0,0.0,,0.0,0.0,0.0,0.0,0.0,,0.0,0.0,0.0,0.0,0.0,0.0,0.0,0.0,0.0,0.0,0.0,0.0,0.0,0.0,0.0,0.0,0.0,0.0,0.0,0.0,0.0,0.0,0.0,0.0,0.0,0.0,0.0,0.0,0.0,0.0,0.0,0.0,0.0,0.0,0.0,0.0,0.0,0.0,0.0,0.0,0.0,0.0,0.0,0.0,0.0,0.0,0.0,0.0,0.0,0.0,0.0,0.0,0.0,0.0,0.0,0.0,0.0,0.0,0.0,0.0,0.0,0.0,0.0,0.0,0.0,0.0,0.0,0.0,0.0,0.0,0.0,0.0,0.0,0.0,0.0,0.0,0.0,0.0
2026-05-23T05:00,,0.0,0.0,0.0,,0.0,0.0,0.0,0.0,0.0,,0.0,0.0,0.0,0.0,0.0,,0.0,0.0,0.0,0.0,0.0,,0.0,0.0,0.0,0.0,0.0,,0.0,0.0,0.0,0.0,0.0,,0.0,0.0,0.0,0.0,0.0,,0.0,0.0,0.0,0.0,0.0,,0.0,0.0,0.0,0.0,0.0,,0.0,0.0,0.0,0.0,0.0,,0.0,0.0,0.0,0.0,0.0,,0.0,0.0,0.0,0.0,0.0,,0.0,0.0,0.0,0.0,0.0,,0.0,0.0,0.0,0.0,0.0,,0.0,0.0,0.0,0.0,0.0,,0.0,0.0,0.0,0.0,0.0,,0.0,0.0,0.0,0.0,0.0,,0.0,0.0,0.0,0.0,0.0,0.0,0.0,0.0,0.0,0.0,0.0,0.0,0.0,0.0,0.0,0.0,0.0,0.0,0.0,0.0,0.0,0.0,0.0,0.0,0.0,0.0,0.0,0.0,0.0,0.0,0.0,0.0,0.0,0.0,0.0,0.0,0.0,0.0,0.0,0.0,0.0,0.0,0.0,0.0,0.0,0.0,0.0,0.0,0.0,0.0,0.0,0.0,0.0,0.0,0.0,0.0,0.0,0.0,0.0,0.0,0.0,0.0,0.0,0.0,0.0,0.0,0.0,0.0,0.0,0.0,0.0,0.0,0.0,0.0,0.0,0.0,0.0,0.0
2026-05-23T06:00,,40.0,45.0,23.0,,40.0,45.0,24.0,41.0,29.0,,40.0,44.0,24.0,41.0,30.0,,40.0,44.0,23.0,41.0,24.0,,38.0,45.0,24.0,41.0,29.0,,40.0,46.0,23.0,41.0,29.0,,40.0,44.0,24.0,41.0,29.0,,40.0,44.0,24.0,41.0,29.0,,40.0,43.0,24.0,40.0,29.0,,40.0,46.0,24.0,41.0,29.0,,40.0,44.0,24.0,40.0,29.0,,40.0,43.0,24.0,41.0,30.0,,40.0,47.0,24.0,36.0,29.0,,40.0,45.0,23.0,41.0,29.0,,40.0,45.0,24.0,41.0,29.0,,40.0,46.0,24.0,41.0,30.0,,39.0,46.0,24.0,40.0,29.0,,40.0,43.0,24.0,37.0,29.0,39.0,45.0,24.0,40.0,39.0,45.0,24.0,41.0,40.0,45.0,24.0,34.0,40.0,24.0,41.0,40.0,24.0,31.0,40.0,24.0,41.0,37.0,24.0,41.0,36.0,24.0,39.0,40.0,23.0,40.0,39.0,24.0,40.0,40.0,24.0,41.0,40.0,24.0,41.0,39.0,24.0,41.0,40.0,24.0,40.0,24.0,37.0,24.0,40.0,24.0,40.0,24.0,40.0,24.0,40.0,24.0,40.0,24.0,40.0,24.0,40.0,40.0,40.0,40.0,40.0,40.0,40.0,40.0,40.0,40.0,40.0,40.0,28.0
2026-05-23T07:00,,145.0,161.0,103.0,,145.0,161.0,107.0,148.0,143.0,,146.0,160.0,108.0,148.0,146.0,,144.0,158.0,100.0,148.0,98.0,,140.0,162.0,107.0,148.0,145.0,,144.0,167.0,104.0,148.0,144.0,,144.0,159.0,104.0,150.0,143.0,,144.0,159.0,107.0,148.0,142.0,,145.0,156.0,106.0,146.0,143.0,,145.0,167.0,108.0,148.0,144.0,,143.0,159.0,108.0,146.0,144.0,,145.0,155.0,106.0,148.0,145.0,,145.0,168.0,108.0,131.0,143.0,,144.0,162.0,105.0,148.0,142.0,,145.0,163.0,108.0,148.0,143.0,,145.0,166.0,105.0,148.0,145.0,,142.0,166.0,105.0,146.0,143.0,,146.0,156.0,108.0,135.0,144.0,141.0,161.0,108.0,146.0,143.0,162.0,106.0,148.0,144.0,162.0,108.0,125.0,145.0,107.0,148.0,144.0,108.0,117.0,145.0,108.0,148.0,135.0,107.0,148.0,131.0,107.0,142.0,144.0,106.0,146.0,143.0,106.0,146.0,146.0,106.0,148.0,145.0,106.0,150.0,143.0,107.0,148.0,145.0,107.0,145.0,105.0,137.0,106.0,145.0,107.0,144.0,107.0,146.0,108.0,143.0,106.0,144.0,107.0,145.0,107.0,146.0,145.0,144.0,145.0,145.0,144.0,145.0,145.0,145.0,145.0,145.0,146.0,140.0
2026-05-23T08:00,,276.0,298.0,219.0,,276.0,298.0,225.0,282.0,289.0,,275.0,296.0,227.0,280.0,290.0,,273.0,294.0,222.0,278.0,243.0,,264.0,299.0,226.0,278.0,293.0,,273.0,307.0,221.0,278.0,287.0,,275.0,295.0,224.0,282.0,289.0,,273.0,295.0,226.0,277.0,288.0,,274.0,291.0,224.0,277.0,288.0,,275.0,307.0,227.0,279.0,291.0,,272.0,295.0,227.0,277.0,290.0,,276.0,289.0,225.0,274.0,292.0,,279.0,308.0,226.0,257.0,289.0,,276.0,299.0,224.0,279.0,288.0,,275.0,300.0,226.0,280.0,288.0,,275.0,305.0,224.0,279.0,291.0,,271.0,305.0,222.0,278.0,286.0,,277.0,290.0,227.0,262.0,290.0,270.0,298.0,227.0,275.0,271.0,300.0,225.0,277.0,273.0,299.0,226.0,246.0,274.0,225.0,277.0,274.0,226.0,237.0,275.0,228.0,276.0,261.0,225.0,279.0,256.0,225.0,270.0,273.0,225.0,273.0,272.0,226.0,277.0,278.0,226.0,280.0,274.0,224.0,282.0,274.0,225.0,279.0,276.0,225.0,277.0,223.0,264.0,225.0,275.0,224.0,276.0,226.0,275.0,228.0,271.0,224.0,276.0,225.0,274.0,226.0,276.0,276.0,272.0,275.0,275.0,273.0,275.0,274.0,274.0,276.0,274.0,272.0,286.0
2026-05-23T09:00,,432.0,451.0,350.0,,432.0,453.0,357.0,440.0,443.0,,427.0,448.0,359.0,437.0,442.0,,426.0,449.0,356.0,429.0,443.0,,413.0,454.0,358.0,428.0,448.0,,426.0,462.0,354.0,428.0,419.0,,431.0,449.0,358.0,435.0,439.0,,425.0,448.0,358.0,428.0,441.0,,427.0,445.0,356.0,433.0,441.0,,429.0,463.0,360.0,434.0,444.0,,425.0,449.0,359.0,433.0,441.0,,432.0,443.0,357.0,415.0,445.0,,441.0,462.0,358.0,418.0,441.0,,435.0,454.0,355.0,434.0,435.0,,427.0,452.0,358.0,436.0,435.0,,428.0,460.0,357.0,434.0,444.0,,427.0,460.0,355.0,436.0,438.0,,433.0,444.0,359.0,424.0,440.0,426.0,452.0,362.0,427.0,422.0,455.0,358.0,424.0,424.0,452.0,358.0,404.0,425.0,357.0,428.0,429.0,358.0,399.0,428.0,360.0,424.0,419.0,357.0,434.0,416.0,356.0,423.0,426.0,355.0,420.0,427.0,359.0,433.0,434.0,358.0,437.0,426.0,357.0,435.0,432.0,356.0,434.0,431.0,358.0,433.0,356.0,422.0,357.0,430.0,356.0,435.0,358.0,426.0,361.0,423.0,356.0,433.0,358.0,427.0,358.0,428.0,432.0,423.0,430.0,429.0,427.0,428.0,425.0,425.0,432.0,425.0,415.0,439.0
2026-05-23T10:00,,575.0,599.0,470.0,,576.0,602.0,482.0,587.0,585.0,,577.0,596.0,485.0,587.0,583.0,,573.0,599.0,475.0,577.0,581.0,,550.0,603.0,483.0,577.0,593.0,,574.0,612.0,476.0,577.0,579.0,,572.0,598.0,484.0,587.0,571.0,,574.0,597.0,483.0,577.0,587.0,,577.0,596.0,480.0,587.0,584.0,,573.0,613.0,485.0,587.0,588.0,,566.0,598.0,482.0,587.0,579.0,,576.0,593.0,483.0,557.0,588.0,,576.0,611.0,478.0,577.0,582.0,,576.0,603.0,477.0,587.0,562.0,,575.0,599.0,481.0,587.0,578.0,,576.0,610.0,480.0,587.0,580.0,,576.0,610.0,479.0,587.0,580.0,,578.0,592.0,483.0,587.0,582.0,563.0,600.0,481.0,577.0,569.0,605.0,478.0,567.0,563.0,600.0,482.0,567.0,576.0,483.0,577.0,574.0,484.0,567.0,577.0,488.0,567.0,563.0,483.0,587.0,570.0,479.0,577.0,577.0,475.0,567.0,574.0,484.0,587.0,574.0,482.0,587.0,577.0,481.0,587.0,574.0,481.0,587.0,576.0,483.0,575.0,480.0,568.0,483.0,573.0,481.0,574.0,483.0,576.0,486.0,567.0,479.0,573.0,485.0,577.0,483.0,577.0,575.0,573.0,575.0,575.0,576.0,575.0,573.0,571.0,576.0,574.0,557.0,582.0
2026-05-23T11:00,,654.0,716.0,519.0,,656.0,723.0,554.0,678.0,701.0,,698.0,717.0,567.0,691.0,682.0,,677.0,719.0,573.0,690.0,701.0,,626.0,722.0,582.0,697.0,714.0,,684.0,730.0,492.0,705.0,697.0,,641.0,718.0,583.0,709.0,693.0,,690.0,716.0,589.0,703.0,707.0,,696.0,717.0,583.0,714.0,705.0,,664.0,732.0,586.0,711.0,708.0,,646.0,718.0,588.0,709.0,689.0,,661.0,713.0,586.0,681.0,709.0,,605.0,731.0,578.0,690.0,699.0,,631.0,722.0,575.0,710.0,688.0,,684.0,718.0,557.0,705.0,695.0,,685.0,729.0,564.0,709.0,698.0,,679.0,728.0,577.0,694.0,693.0,,667.0,708.0,583.0,713.0,686.0,616.0,719.0,588.0,694.0,679.0,724.0,544.0,679.0,642.0,717.0,582.0,697.0,699.0,586.0,702.0,664.0,590.0,703.0,690.0,593.0,676.0,630.0,586.0,709.0,664.0,584.0,702.0,695.0,509.0,692.0,675.0,571.0,711.0,639.0,583.0,696.0,700.0,574.0,710.0,642.0,580.0,711.0,666.0,579.0,645.0,584.0,642.0,583.0,658.0,583.0,624.0,588.0,697.0,564.0,664.0,586.0,631.0,585.0,698.0,585.0,691.0,658.0,693.0,667.0,676.0,687.0,683.0,685.0,675.0,663.0,693.0,677.0,698.0
2026-05-23T12:00,,670.0,795.0,611.0,,676.0,806.0,547.0,709.0,790.0,,781.0,801.0,640.0,746.0,752.0,,734.0,800.0,654.0,764.0,763.0,,646.0,804.0,654.0,781.0,801.0,,751.0,811.0,602.0,800.0,791.0,,642.0,800.0,583.0,795.0,774.0,,765.0,798.0,665.0,795.0,780.0,,776.0,799.0,655.0,802.0,744.0,,699.0,813.0,660.0,797.0,795.0,,665.0,800.0,639.0,791.0,775.0,,686.0,794.0,593.0,779.0,791.0,,539.0,815.0,633.0,751.0,783.0,,611.0,804.0,629.0,795.0,779.0,,747.0,800.0,576.0,779.0,780.0,,750.0,812.0,629.0,794.0,780.0,,731.0,809.0,657.0,750.0,756.0,,700.0,786.0,658.0,795.0,776.0,592.0,801.0,654.0,772.0,746.0,805.0,585.0,751.0,663.0,796.0,650.0,789.0,786.0,658.0,794.0,699.0,657.0,798.0,761.0,670.0,746.0,625.0,661.0,792.0,700.0,662.0,792.0,774.0,526.0,788.0,727.0,549.0,795.0,633.0,647.0,759.0,786.0,632.0,797.0,639.0,640.0,798.0,700.0,623.0,649.0,663.0,648.0,658.0,685.0,644.0,593.0,661.0,783.0,610.0,712.0,653.0,614.0,632.0,780.0,640.0,763.0,679.0,776.0,706.0,726.0,755.0,745.0,754.0,734.0,690.0,774.0,767.0,780.0
2026-05-23T13:00,,659.0,835.0,641.0,,675.0,840.0,572.0,701.0,824.0,,822.0,844.0,676.0,768.0,828.0,,754.0,841.0,690.0,804.0,799.0,,650.0,845.0,687.0,826.0,846.0,,780.0,851.0,657.0,824.0,838.0,,626.0,842.0,643.0,841.0,808.0,,788.0,838.0,700.0,841.0,832.0,,816.0,840.0,695.0,826.0,813.0,,699.0,854.0,698.0,843.0,840.0,,660.0,842.0,654.0,831.0,828.0,,686.0,835.0,578.0,837.0,831.0,,460.0,850.0,682.0,774.0,830.0,,586.0,845.0,643.0,841.0,662.0,,771.0,841.0,675.0,802.0,807.0,,781.0,853.0,673.0,839.0,837.0,,747.0,848.0,686.0,764.0,832.0,,711.0,823.0,702.0,837.0,761.0,551.0,841.0,677.0,814.0,777.0,844.0,572.0,774.0,662.0,836.0,680.0,839.0,830.0,701.0,845.0,708.0,696.0,833.0,790.0,697.0,782.0,602.0,701.0,837.0,710.0,690.0,841.0,805.0,618.0,841.0,742.0,542.0,837.0,610.0,677.0,780.0,826.0,681.0,843.0,611.0,696.0,845.0,711.0,676.0,638.0,698.0,643.0,680.0,685.0,684.0,552.0,655.0,826.0,678.0,717.0,654.0,588.0,627.0,811.0,685.0,798.0,665.0,816.0,720.0,731.0,784.0,756.0,785.0,760.0,677.0,809.0,816.0,801.0
2026-05-23T14:00,,641.0,836.0,618.0,,685.0,814.0,610.0,657.0,835.0,,820.0,841.0,627.0,768.0,821.0,,745.0,840.0,682.0,819.0,843.0,,674.0,845.0,611.0,835.0,847.0,,775.0,851.0,659.0,745.0,843.0,,632.0,841.0,686.0,846.0,817.0,,746.0,836.0,688.0,831.0,839.0,,814.0,839.0,689.0,766.0,752.0,,672.0,853.0,695.0,850.0,842.0,,653.0,842.0,571.0,827.0,799.0,,684.0,835.0,595.0,845.0,836.0,,415.0,829.0,696.0,764.0,839.0,,614.0,845.0,639.0,847.0,705.0,,753.0,840.0,696.0,764.0,838.0,,788.0,854.0,655.0,844.0,831.0,,733.0,849.0,691.0,735.0,840.0,,727.0,825.0,702.0,847.0,835.0,536.0,840.0,618.0,826.0,774.0,842.0,627.0,742.0,666.0,839.0,682.0,849.0,825.0,662.0,852.0,712.0,610.0,790.0,776.0,622.0,787.0,597.0,700.0,842.0,715.0,683.0,849.0,785.0,662.0,847.0,725.0,520.0,832.0,607.0,671.0,767.0,815.0,680.0,847.0,588.0,677.0,848.0,722.0,680.0,650.0,699.0,666.0,664.0,678.0,682.0,546.0,657.0,825.0,665.0,679.0,652.0,598.0,668.0,777.0,696.0,796.0,629.0,807.0,733.0,685.0,773.0,703.0,780.0,763.0,628.0,792.0,831.0,804.0
2026-05-23T15:00,,604.0,795.0,591.0,,679.0,739.0,644.0,583.0,772.0,,772.0,792.0,589.0,735.0,792.0,,700.0,796.0,635.0,797.0,799.0,,686.0,801.0,542.0,801.0,705.0,,732.0,806.0,642.0,599.0,781.0,,630.0,797.0,657.0,807.0,789.0,,654.0,790.0,624.0,769.0,779.0,,768.0,792.0,639.0,644.0,797.0,,615.0,807.0,632.0,812.0,784.0,,628.0,797.0,562.0,778.0,719.0,,661.0,790.0,561.0,805.0,789.0,,382.0,757.0,658.0,715.0,790.0,,647.0,800.0,616.0,809.0,675.0,,696.0,795.0,652.0,677.0,744.0,,759.0,810.0,628.0,804.0,751.0,,685.0,805.0,652.0,668.0,794.0,,723.0,785.0,662.0,814.0,780.0,518.0,794.0,522.0,797.0,732.0,795.0,642.0,661.0,653.0,800.0,645.0,811.0,772.0,610.0,811.0,694.0,516.0,688.0,719.0,552.0,754.0,583.0,656.0,804.0,698.0,595.0,812.0,718.0,526.0,805.0,674.0,458.0,780.0,596.0,638.0,715.0,754.0,653.0,806.0,551.0,627.0,806.0,712.0,661.0,654.0,663.0,682.0,623.0,649.0,624.0,544.0,617.0,777.0,515.0,606.0,594.0,609.0,650.0,692.0,660.0,755.0,567.0,752.0,721.0,599.0,722.0,605.0,735.0,732.0,548.0,727.0,797.0,777.0
2026-05-23T16:00,,545.0,707.0,489.0,,629.0,640.0,587.0,507.0,710.0,,681.0,701.0,502.0,659.0,711.0,,625.0,707.0,562.0,720.0,709.0,,637.0,712.0,456.0,720.0,407.0,,652.0,716.0,551.0,467.0,467.0,,584.0,708.0,531.0,720.0,673.0,,551.0,696.0,534.0,669.0,697.0,,684.0,700.0,551.0,507.0,577.0,,536.0,718.0,560.0,720.0,647.0,,570.0,708.0,422.0,690.0,544.0,,603.0,699.0,550.0,720.0,705.0,,354.0,645.0,585.0,629.0,707.0,,619.0,712.0,560.0,720.0,579.0,,614.0,704.0,565.0,568.0,663.0,,681.0,717.0,566.0,720.0,671.0,,614.0,709.0,577.0,578.0,693.0,,669.0,696.0,581.0,720.0,701.0,470.0,700.0,521.0,720.0,654.0,704.0,516.0,548.0,599.0,711.0,576.0,720.0,677.0,567.0,720.0,632.0,463.0,568.0,633.0,530.0,679.0,535.0,549.0,720.0,640.0,447.0,720.0,619.0,480.0,710.0,601.0,446.0,690.0,546.0,575.0,619.0,662.0,574.0,720.0,486.0,543.0,720.0,658.0,571.0,614.0,539.0,644.0,535.0,588.0,554.0,518.0,574.0,689.0,524.0,524.0,527.0,583.0,564.0,590.0,579.0,674.0,487.0,664.0,656.0,513.0,642.0,512.0,646.0,661.0,471.0,630.0,690.0,684.0
2026-05-23T17:00,,473.0,580.0,314.0,,533.0,538.0,479.0,450.0,590.0,,554.0,580.0,426.0,548.0,593.0,,529.0,585.0,471.0,595.0,534.0,,518.0,591.0,413.0,604.0,487.0,,548.0,590.0,453.0,379.0,483.0,,494.0,587.0,361.0,595.0,564.0,,456.0,564.0,449.0,544.0,593.0,,572.0,573.0,444.0,371.0,473.0,,445.0,598.0,452.0,579.0,588.0,,485.0,585.0,381.0,576.0,476.0,,515.0,572.0,415.0,603.0,592.0,,340.0,503.0,480.0,513.0,592.0,,515.0,592.0,454.0,589.0,440.0,,519.0,577.0,453.0,453.0,447.0,,555.0,585.0,455.0,604.0,498.0,,531.0,566.0,469.0,481.0,580.0,,566.0,567.0,482.0,567.0,595.0,386.0,565.0,460.0,603.0,551.0,578.0,467.0,407.0,508.0,581.0,475.0,584.0,553.0,450.0,587.0,529.0,418.0,450.0,529.0,389.0,574.0,456.0,420.0,603.0,546.0,373.0,581.0,498.0,358.0,569.0,522.0,322.0,573.0,449.0,483.0,483.0,554.0,440.0,602.0,392.0,446.0,604.0,563.0,483.0,526.0,436.0,546.0,440.0,502.0,461.0,470.0,454.0,572.0,450.0,453.0,430.0,520.0,477.0,494.0,442.0,567.0,398.0,559.0,533.0,448.0,547.0,453.0,518.0,557.0,417.0,515.0,497.0,588.0
2026-05-23T18:00,,383.0,432.0,225.0,,413.0,422.0,362.0,383.0,428.0,,411.0,438.0,321.0,416.0,441.0,,415.0,442.0,356.0,445.0,399.0,,373.0,448.0,295.0,464.0,425.0,,424.0,443.0,344.0,301.0,357.0,,380.0,444.0,283.0,448.0,370.0,,357.0,413.0,319.0,404.0,445.0,,440.0,426.0,319.0,245.0,396.0,,343.0,457.0,336.0,418.0,444.0,,380.0,442.0,305.0,442.0,97.0,,404.0,425.0,300.0,461.0,437.0,,314.0,353.0,349.0,383.0,441.0,,381.0,450.0,319.0,437.0,117.0,,410.0,430.0,322.0,334.0,162.0,,408.0,433.0,341.0,464.0,425.0,,430.0,406.0,346.0,374.0,406.0,,435.0,418.0,360.0,396.0,449.0,291.0,412.0,312.0,460.0,428.0,432.0,346.0,266.0,394.0,430.0,349.0,426.0,411.0,314.0,433.0,403.0,334.0,331.0,410.0,292.0,445.0,356.0,301.0,461.0,429.0,275.0,422.0,367.0,316.0,409.0,426.0,238.0,437.0,335.0,357.0,337.0,428.0,327.0,461.0,289.0,312.0,466.0,440.0,355.0,411.0,324.0,419.0,310.0,397.0,330.0,398.0,337.0,436.0,295.0,373.0,333.0,427.0,336.0,389.0,338.0,439.0,302.0,436.0,388.0,376.0,434.0,388.0,376.0,430.0,356.0,388.0,294.0,439.0
2026-05-23T19:00,,268.0,281.0,158.0,,279.0,284.0,228.0,275.0,259.0,,268.0,285.0,218.0,275.0,284.0,,284.0,289.0,226.0,289.0,248.0,,239.0,293.0,195.0,307.0,245.0,,284.0,289.0,215.0,211.0,232.0,,255.0,292.0,213.0,293.0,253.0,,247.0,261.0,203.0,263.0,287.0,,294.0,272.0,209.0,151.0,174.0,,234.0,300.0,200.0,265.0,282.0,,260.0,288.0,204.0,293.0,232.0,,277.0,273.0,197.0,305.0,265.0,,239.0,220.0,216.0,251.0,280.0,,249.0,295.0,195.0,283.0,100.0,,280.0,278.0,202.0,219.0,202.0,,268.0,278.0,221.0,307.0,217.0,,301.0,255.0,214.0,253.0,254.0,,292.0,269.0,228.0,245.0,287.0,198.0,261.0,166.0,303.0,288.0,280.0,199.0,161.0,266.0,275.0,224.0,273.0,268.0,196.0,279.0,269.0,219.0,217.0,278.0,205.0,297.0,239.0,199.0,305.0,292.0,182.0,269.0,242.0,207.0,259.0,298.0,173.0,289.0,224.0,213.0,211.0,288.0,203.0,305.0,193.0,193.0,309.0,299.0,219.0,277.0,195.0,281.0,188.0,273.0,199.0,286.0,220.0,291.0,148.0,264.0,218.0,300.0,196.0,267.0,203.0,295.0,203.0,296.0,252.0,271.0,298.0,281.0,244.0,290.0,257.0,256.0,157.0,255.0
2026-05-23T20:00,,141.0,141.0,88.0,,147.0,141.0,105.0,143.0,115.0,,138.0,138.0,101.0,139.0,127.0,,150.0,142.0,106.0,144.0,120.0,,126.0,144.0,94.0,153.0,102.0,,144.0,145.0,98.0,114.0,92.0,,132.0,146.0,104.0,146.0,88.0,,134.0,124.0,83.0,134.0,130.0,,150.0,129.0,90.0,85.0,107.0,,126.0,147.0,96.0,133.0,134.0,,137.0,142.0,98.0,147.0,113.0,,147.0,132.0,102.0,152.0,131.0,,129.0,112.0,94.0,129.0,119.0,,131.0,145.0,92.0,142.0,24.0,,145.0,137.0,92.0,115.0,69.0,,144.0,137.0,101.0,153.0,106.0,,160.0,126.0,94.0,131.0,77.0,,152.0,133.0,107.0,124.0,136.0,113.0,127.0,96.0,151.0,148.0,138.0,88.0,89.0,139.0,133.0,105.0,137.0,136.0,89.0,140.0,140.0,106.0,115.0,147.0,96.0,149.0,120.0,91.0,152.0,153.0,80.0,135.0,130.0,104.0,131.0,157.0,106.0,145.0,124.0,100.0,111.0,148.0,94.0,152.0,108.0,84.0,154.0,156.0,95.0,141.0,90.0,148.0,91.0,145.0,87.0,153.0,89.0,152.0,64.0,140.0,99.0,158.0,84.0,140.0,87.0,151.0,107.0,154.0,134.0,146.0,156.0,148.0,131.0,152.0,135.0,131.0,84.0,112.0
2026-05-23T21:00,,38.0,37.0,19.0,,41.0,35.0,21.0,37.0,,,38.0,33.0,20.0,36.0,,,41.0,35.0,22.0,37.0,,,36.0,35.0,21.0,38.0,,,37.0,37.0,21.0,33.0,,,35.0,37.0,21.0,37.0,,,39.0,29.0,18.0,36.0,,,40.0,30.0,19.0,29.0,,,36.0,36.0,20.0,35.0,,,38.0,35.0,20.0,37.0,,,41.0,32.0,21.0,38.0,,,35.0,31.0,20.0,35.0,,,37.0,35.0,18.0,37.0,,,39.0,34.0,19.0,33.0,,,42.0,34.0,21.0,38.0,,,44.0,33.0,18.0,35.0,,,42.0,34.0,22.0,34.0,,36.0,31.0,21.0,38.0,39.0,34.0,18.0,29.0,38.0,32.0,21.0,36.0,36.0,18.0,36.0,38.0,21.0,33.0,41.0,17.0,38.0,30.0,19.0,38.0,42.0,20.0,36.0,39.0,21.0,35.0,42.0,21.0,37.0,38.0,20.0,32.0,39.0,18.0,38.0,34.0,17.0,38.0,42.0,20.0,37.0,21.0,41.0,20.0,41.0,18.0,42.0,19.0,41.0,16.0,38.0,20.0,42.0,18.0,38.0,19.0,40.0,30.0,42.0,39.0,41.0,42.0,39.0,39.0,42.0,36.0,35.0,29.0,
2026-05-23T22:00,,0.0,0.0,0.0,,0.0,0.0,0.0,0.0,,,0.0,0.0,0.0,0.0,,,0.0,0.0,0.0,0.0,,,0.0,0.0,0.0,0.0,,,0.0,0.0,0.0,0.0,,,0.0,0.0,0.0,0.0,,,0.0,0.0,0.0,0.0,,,0.0,0.0,0.0,0.0,,,0.0,0.0,0.0,0.0,,,0.0,0.0,0.0,0.0,,,0.0,0.0,0.0,0.0,,,0.0,0.0,0.0,0.0,,,0.0,0.0,0.0,0.0,,,0.0,0.0,0.0,0.0,,,0.0,0.0,0.0,0.0,,,0.0,0.0,0.0,0.0,,,0.0,0.0,0.0,0.0,,0.0,0.0,0.0,0.0,0.0,0.0,0.0,0.0,0.0,0.0,0.0,0.0,0.0,0.0,0.0,0.0,0.0,0.0,0.0,0.0,0.0,0.0,0.0,0.0,0.0,0.0,0.0,0.0,0.0,0.0,0.0,0.0,0.0,0.0,0.0,0.0,0.0,0.0,0.0,0.0,0.0,0.0,0.0,0.0,0.0,0.0,0.0,0.0,0.0,0.0,0.0,0.0,0.0,0.0,0.0,0.0,0.0,0.0,0.0,0.0,0.0,0.0,0.0,0.0,0.0,0.0,0.0,0.0,0.0,0.0,0.0,0.0,
2026-05-23T23:00,,0.0,0.0,0.0,,0.0,0.0,0.0,0.0,,,0.0,0.0,0.0,0.0,,,0.0,0.0,0.0,0.0,,,0.0,0.0,0.0,0.0,,,0.0,0.0,0.0,0.0,,,0.0,0.0,0.0,0.0,,,0.0,0.0,0.0,0.0,,,0.0,0.0,0.0,0.0,,,0.0,0.0,0.0,0.0,,,0.0,0.0,0.0,0.0,,,0.0,0.0,0.0,0.0,,,0.0,0.0,0.0,0.0,,,0.0,0.0,0.0,0.0,,,0.0,0.0,0.0,0.0,,,0.0,0.0,0.0,0.0,,,0.0,0.0,0.0,0.0,,,0.0,0.0,0.0,0.0,,0.0,0.0,0.0,0.0,0.0,0.0,0.0,0.0,0.0,0.0,0.0,0.0,0.0,0.0,0.0,0.0,0.0,0.0,0.0,0.0,0.0,0.0,0.0,0.0,0.0,0.0,0.0,0.0,0.0,0.0,0.0,0.0,0.0,0.0,0.0,0.0,0.0,0.0,0.0,0.0,0.0,0.0,0.0,0.0,0.0,0.0,0.0,0.0,0.0,0.0,0.0,0.0,0.0,0.0,0.0,0.0,0.0,0.0,0.0,0.0,0.0,0.0,0.0,0.0,0.0,0.0,0.0,0.0,0.0,0.0,0.0,0.0,
2026-05-24T00:00,,0.0,0.0,0.0,,0.0,0.0,0.0,0.0,,,0.0,0.0,0.0,0.0,,,0.0,0.0,0.0,0.0,,,0.0,0.0,0.0,0.0,,,0.0,0.0,0.0,0.0,,,0.0,0.0,0.0,0.0,,,0.0,0.0,0.0,0.0,,,0.0,0.0,0.0,0.0,,,0.0,0.0,0.0,0.0,,,0.0,0.0,0.0,0.0,,,0.0,0.0,0.0,0.0,,,0.0,0.0,0.0,0.0,,,0.0,0.0,0.0,0.0,,,0.0,0.0,0.0,0.0,,,0.0,0.0,0.0,0.0,,,0.0,0.0,0.0,0.0,,,0.0,0.0,0.0,0.0,,0.0,0.0,0.0,0.0,0.0,0.0,0.0,0.0,0.0,0.0,0.0,0.0,0.0,0.0,0.0,0.0,0.0,0.0,0.0,0.0,0.0,0.0,0.0,0.0,0.0,0.0,0.0,0.0,0.0,0.0,0.0,0.0,0.0,0.0,0.0,0.0,0.0,0.0,0.0,0.0,0.0,0.0,0.0,0.0,0.0,0.0,0.0,0.0,0.0,0.0,0.0,0.0,0.0,0.0,0.0,0.0,0.0,0.0,0.0,0.0,0.0,0.0,0.0,0.0,0.0,0.0,0.0,0.0,0.0,0.0,0.0,0.0,
2026-05-24T01:00,,0.0,0.0,0.0,,0.0,0.0,0.0,0.0,,,0.0,0.0,0.0,0.0,,,0.0,0.0,0.0,0.0,,,0.0,0.0,0.0,0.0,,,0.0,0.0,0.0,0.0,,,0.0,0.0,0.0,0.0,,,0.0,0.0,0.0,0.0,,,0.0,0.0,0.0,0.0,,,0.0,0.0,0.0,0.0,,,0.0,0.0,0.0,0.0,,,0.0,0.0,0.0,0.0,,,0.0,0.0,0.0,0.0,,,0.0,0.0,0.0,0.0,,,0.0,0.0,0.0,0.0,,,0.0,0.0,0.0,0.0,,,0.0,0.0,0.0,0.0,,,0.0,0.0,0.0,0.0,,0.0,0.0,0.0,0.0,0.0,0.0,0.0,0.0,0.0,0.0,0.0,0.0,0.0,0.0,0.0,0.0,0.0,0.0,0.0,0.0,0.0,0.0,0.0,0.0,0.0,0.0,0.0,0.0,0.0,0.0,0.0,0.0,0.0,0.0,0.0,0.0,0.0,0.0,0.0,0.0,0.0,0.0,0.0,0.0,0.0,0.0,0.0,0.0,0.0,0.0,0.0,0.0,0.0,0.0,0.0,0.0,0.0,0.0,0.0,0.0,0.0,0.0,0.0,0.0,0.0,0.0,0.0,0.0,0.0,0.0,0.0,0.0,
2026-05-24T02:00,,0.0,0.0,0.0,,0.0,0.0,0.0,0.0,,,0.0,0.0,0.0,0.0,,,0.0,0.0,0.0,0.0,,,0.0,0.0,0.0,0.0,,,0.0,0.0,0.0,0.0,,,0.0,0.0,0.0,0.0,,,0.0,0.0,0.0,0.0,,,0.0,0.0,0.0,0.0,,,0.0,0.0,0.0,0.0,,,0.0,0.0,0.0,0.0,,,0.0,0.0,0.0,0.0,,,0.0,0.0,0.0,0.0,,,0.0,0.0,0.0,0.0,,,0.0,0.0,0.0,0.0,,,0.0,0.0,0.0,0.0,,,0.0,0.0,0.0,0.0,,,0.0,0.0,0.0,0.0,,0.0,0.0,0.0,0.0,0.0,0.0,0.0,0.0,0.0,0.0,0.0,0.0,0.0,0.0,0.0,0.0,0.0,0.0,0.0,0.0,0.0,0.0,0.0,0.0,0.0,0.0,0.0,0.0,0.0,0.0,0.0,0.0,0.0,0.0,0.0,0.0,0.0,0.0,0.0,0.0,0.0,0.0,0.0,0.0,0.0,0.0,0.0,0.0,0.0,0.0,0.0,0.0,0.0,0.0,0.0,0.0,0.0,0.0,0.0,0.0,0.0,0.0,0.0,0.0,0.0,0.0,0.0,0.0,0.0,0.0,0.0,0.0,
2026-05-24T03:00,,0.0,0.0,0.0,,0.0,0.0,0.0,0.0,,,0.0,0.0,0.0,0.0,,,0.0,0.0,0.0,0.0,,,0.0,0.0,0.0,0.0,,,0.0,0.0,0.0,0.0,,,0.0,0.0,0.0,0.0,,,0.0,0.0,0.0,0.0,,,0.0,0.0,0.0,0.0,,,0.0,0.0,0.0,0.0,,,0.0,0.0,0.0,0.0,,,0.0,0.0,0.0,0.0,,,0.0,0.0,0.0,0.0,,,0.0,0.0,0.0,0.0,,,0.0,0.0,0.0,0.0,,,0.0,0.0,0.0,0.0,,,0.0,0.0,0.0,0.0,,,0.0,0.0,0.0,0.0,,0.0,0.0,0.0,0.0,0.0,0.0,0.0,0.0,0.0,0.0,0.0,0.0,0.0,0.0,0.0,0.0,0.0,0.0,0.0,0.0,0.0,0.0,0.0,0.0,0.0,0.0,0.0,0.0,0.0,0.0,0.0,0.0,0.0,0.0,0.0,0.0,0.0,0.0,0.0,0.0,0.0,0.0,0.0,0.0,0.0,0.0,0.0,0.0,0.0,0.0,0.0,0.0,0.0,0.0,0.0,0.0,0.0,0.0,0.0,0.0,0.0,0.0,0.0,0.0,0.0,0.0,0.0,0.0,0.0,0.0,0.0,0.0,
2026-05-24T04:00,,0.0,0.0,0.0,,0.0,0.0,0.0,0.0,,,0.0,0.0,0.0,0.0,,,0.0,0.0,0.0,0.0,,,0.0,0.0,0.0,0.0,,,0.0,0.0,0.0,0.0,,,0.0,0.0,0.0,0.0,,,0.0,0.0,0.0,0.0,,,0.0,0.0,0.0,0.0,,,0.0,0.0,0.0,0.0,,,0.0,0.0,0.0,0.0,,,0.0,0.0,0.0,0.0,,,0.0,0.0,0.0,0.0,,,0.0,0.0,0.0,0.0,,,0.0,0.0,0.0,0.0,,,0.0,0.0,0.0,0.0,,,0.0,0.0,0.0,0.0,,,0.0,0.0,0.0,0.0,,0.0,0.0,0.0,0.0,0.0,0.0,0.0,0.0,0.0,0.0,0.0,0.0,0.0,0.0,0.0,0.0,0.0,0.0,0.0,0.0,0.0,0.0,0.0,0.0,0.0,0.0,0.0,0.0,0.0,0.0,0.0,0.0,0.0,0.0,0.0,0.0,0.0,0.0,0.0,0.0,0.0,0.0,0.0,0.0,0.0,0.0,0.0,0.0,0.0,0.0,0.0,0.0,0.0,0.0,0.0,0.0,0.0,0.0,0.0,0.0,0.0,0.0,0.0,0.0,0.0,0.0,0.0,0.0,0.0,0.0,0.0,0.0,
2026-05-24T05:00,,0.0,0.0,0.0,,0.0,0.0,0.0,0.0,,,0.0,0.0,0.0,0.0,,,0.0,0.0,0.0,0.0,,,0.0,0.0,0.0,0.0,,,0.0,0.0,0.0,0.0,,,0.0,0.0,0.0,0.0,,,0.0,0.0,0.0,0.0,,,0.0,0.0,0.0,0.0,,,0.0,0.0,0.0,0.0,,,0.0,0.0,0.0,0.0,,,0.0,0.0,0.0,0.0,,,0.0,0.0,0.0,0.0,,,0.0,0.0,0.0,0.0,,,0.0,0.0,0.0,0.0,,,0.0,0.0,0.0,0.0,,,0.0,0.0,0.0,0.0,,,0.0,0.0,0.0,0.0,,0.0,0.0,0.0,0.0,0.0,0.0,0.0,0.0,0.0,0.0,0.0,0.0,0.0,0.0,0.0,0.0,0.0,0.0,0.0,0.0,0.0,0.0,0.0,0.0,0.0,0.0,0.0,0.0,0.0,0.0,0.0,0.0,0.0,0.0,0.0,0.0,0.0,0.0,0.0,0.0,0.0,0.0,0.0,0.0,0.0,0.0,0.0,0.0,0.0,0.0,0.0,0.0,0.0,0.0,0.0,0.0,0.0,0.0,0.0,0.0,0.0,0.0,0.0,0.0,0.0,0.0,0.0,0.0,0.0,0.0,0.0,0.0,
2026-05-24T06:00,,40.0,44.0,25.0,,38.0,44.0,34.0,38.0,,,37.0,47.0,29.0,43.0,,,41.0,46.0,34.0,42.0,,,22.0,45.0,32.0,43.0,,,38.0,47.0,31.0,29.0,,,40.0,48.0,31.0,43.0,,,40.0,41.0,27.0,33.0,,,42.0,48.0,32.0,40.0,,,40.0,49.0,25.0,41.0,,,37.0,48.0,25.0,41.0,,,36.0,46.0,31.0,43.0,,,35.0,47.0,31.0,42.0,,,42.0,48.0,28.0,35.0,,,40.0,46.0,34.0,38.0,,,33.0,42.0,32.0,43.0,,,42.0,41.0,28.0,36.0,,,40.0,37.0,34.0,29.0,,32.0,36.0,27.0,43.0,22.0,42.0,34.0,42.0,42.0,40.0,25.0,33.0,39.0,33.0,43.0,33.0,31.0,42.0,43.0,25.0,33.0,38.0,31.0,37.0,42.0,32.0,36.0,41.0,24.0,37.0,42.0,22.0,43.0,38.0,32.0,43.0,42.0,30.0,43.0,28.0,27.0,38.0,42.0,33.0,42.0,31.0,42.0,25.0,39.0,26.0,41.0,28.0,42.0,32.0,40.0,22.0,37.0,32.0,23.0,32.0,42.0,39.0,42.0,37.0,40.0,42.0,41.0,17.0,41.0,41.0,23.0,37.0,
2026-05-24T07:00,,143.0,155.0,86.0,,136.0,153.0,116.0,135.0,,,132.0,164.0,99.0,150.0,,,146.0,162.0,115.0,148.0,,,83.0,158.0,109.0,152.0,,,136.0,166.0,106.0,103.0,,,141.0,167.0,105.0,150.0,,,142.0,147.0,90.0,117.0,,,147.0,168.0,109.0,141.0,,,142.0,171.0,85.0,143.0,,,133.0,167.0,86.0,143.0,,,129.0,162.0,106.0,150.0,,,126.0,165.0,105.0,147.0,,,148.0,167.0,95.0,123.0,,,143.0,158.0,118.0,137.0,,,117.0,149.0,109.0,150.0,,,149.0,147.0,94.0,129.0,,,140.0,129.0,117.0,107.0,,114.0,128.0,90.0,150.0,82.0,147.0,117.0,145.0,148.0,141.0,85.0,117.0,137.0,113.0,150.0,119.0,107.0,145.0,151.0,83.0,117.0,135.0,106.0,133.0,147.0,108.0,127.0,144.0,81.0,133.0,148.0,74.0,150.0,135.0,109.0,148.0,147.0,102.0,150.0,100.0,91.0,131.0,149.0,111.0,148.0,105.0,148.0,88.0,139.0,89.0,144.0,94.0,148.0,109.0,142.0,73.0,132.0,110.0,84.0,109.0,147.0,139.0,147.0,129.0,143.0,147.0,142.0,67.0,143.0,144.0,84.0,131.0,
2026-05-24T08:00,,267.0,287.0,153.0,,257.0,279.0,207.0,245.0,,,246.0,302.0,179.0,270.0,,,273.0,299.0,205.0,270.0,,,189.0,295.0,195.0,284.0,,,259.0,304.0,188.0,200.0,,,260.0,304.0,188.0,283.0,,,269.0,280.0,164.0,222.0,,,269.0,307.0,193.0,267.0,,,265.0,310.0,153.0,257.0,,,253.0,302.0,155.0,259.0,,,248.0,299.0,190.0,280.0,,,243.0,301.0,188.0,260.0,,,277.0,287.0,169.0,224.0,,,266.0,262.0,207.0,264.0,,,231.0,284.0,193.0,282.0,,,280.0,275.0,169.0,251.0,,,255.0,230.0,209.0,224.0,,228.0,244.0,165.0,279.0,183.0,277.0,207.0,243.0,277.0,258.0,153.0,230.0,258.0,200.0,281.0,233.0,191.0,252.0,284.0,152.0,218.0,252.0,190.0,258.0,276.0,193.0,238.0,266.0,150.0,262.0,277.0,134.0,280.0,241.0,195.0,264.0,276.0,181.0,281.0,198.0,162.0,220.0,278.0,198.0,276.0,188.0,277.0,153.0,264.0,157.0,269.0,171.0,277.0,193.0,263.0,134.0,244.0,193.0,188.0,195.0,268.0,260.0,275.0,228.0,271.0,272.0,252.0,164.0,265.0,264.0,168.0,242.0,
2026-05-24T09:00,,415.0,437.0,241.0,,404.0,416.0,318.0,369.0,,,380.0,457.0,289.0,395.0,,,424.0,455.0,316.0,406.0,,,355.0,453.0,299.0,436.0,,,409.0,458.0,286.0,324.0,,,397.0,453.0,294.0,439.0,,,425.0,446.0,264.0,352.0,,,405.0,461.0,289.0,422.0,,,410.0,462.0,249.0,380.0,,,401.0,447.0,249.0,387.0,,,398.0,453.0,295.0,430.0,,,392.0,451.0,294.0,377.0,,,428.0,397.0,257.0,338.0,,,413.0,345.0,302.0,424.0,,,379.0,449.0,296.0,436.0,,,434.0,429.0,268.0,407.0,,,384.0,339.0,319.0,391.0,,380.0,386.0,280.0,429.0,336.0,430.0,309.0,327.0,428.0,389.0,251.0,376.0,405.0,302.0,436.0,380.0,302.0,359.0,441.0,251.0,337.0,391.0,299.0,417.0,428.0,304.0,370.0,409.0,256.0,429.0,427.0,216.0,430.0,356.0,302.0,383.0,426.0,268.0,435.0,328.0,243.0,299.0,429.0,306.0,424.0,289.0,428.0,212.0,415.0,224.0,416.0,281.0,426.0,289.0,402.0,230.0,374.0,283.0,345.0,305.0,404.0,403.0,426.0,330.0,428.0,418.0,367.0,323.0,407.0,402.0,282.0,372.0,
2026-05-24T10:00,,555.0,583.0,348.0,,554.0,546.0,448.0,496.0,,,514.0,607.0,428.0,506.0,,,571.0,605.0,444.0,537.0,,,537.0,607.0,419.0,587.0,,,558.0,607.0,397.0,456.0,,,527.0,594.0,420.0,587.0,,,580.0,612.0,392.0,486.0,,,526.0,610.0,394.0,577.0,,,549.0,604.0,372.0,506.0,,,541.0,581.0,368.0,516.0,,,542.0,601.0,419.0,577.0,,,540.0,594.0,420.0,496.0,,,574.0,502.0,358.0,456.0,,,560.0,423.0,399.0,587.0,,,536.0,610.0,414.0,587.0,,,579.0,581.0,389.0,567.0,,,510.0,453.0,444.0,567.0,,539.0,533.0,433.0,577.0,502.0,577.0,419.0,415.0,572.0,520.0,378.0,526.0,553.0,415.0,587.0,533.0,438.0,466.0,596.0,383.0,466.0,522.0,431.0,577.0,573.0,438.0,506.0,551.0,401.0,597.0,576.0,321.0,577.0,477.0,428.0,496.0,572.0,362.0,587.0,472.0,334.0,385.0,578.0,433.0,564.0,407.0,575.0,261.0,548.0,290.0,560.0,424.0,573.0,393.0,535.0,362.0,509.0,376.0,515.0,436.0,536.0,543.0,567.0,434.0,585.0,557.0,485.0,502.0,537.0,539.0,416.0,506.0,
2026-05-24T11:00,,645.0,700.0,447.0,,679.0,644.0,564.0,619.0,,,626.0,728.0,560.0,574.0,,,684.0,724.0,557.0,647.0,,,682.0,728.0,525.0,710.0,,,666.0,731.0,503.0,572.0,,,616.0,706.0,539.0,686.0,,,698.0,740.0,518.0,606.0,,,591.0,728.0,488.0,699.0,,,645.0,715.0,492.0,631.0,,,631.0,677.0,486.0,641.0,,,635.0,716.0,528.0,700.0,,,649.0,708.0,538.0,622.0,,,685.0,618.0,459.0,576.0,,,685.0,528.0,488.0,720.0,,,669.0,725.0,520.0,704.0,,,676.0,704.0,499.0,696.0,,,620.0,574.0,558.0,703.0,,665.0,657.0,577.0,698.0,627.0,679.0,514.0,541.0,678.0,634.0,498.0,641.0,673.0,517.0,704.0,660.0,564.0,577.0,719.0,507.0,596.0,604.0,554.0,696.0,680.0,564.0,627.0,672.0,543.0,720.0,703.0,433.0,695.0,611.0,539.0,595.0,684.0,452.0,712.0,611.0,424.0,513.0,699.0,546.0,663.0,520.0,688.0,321.0,595.0,366.0,668.0,558.0,690.0,490.0,622.0,494.0,639.0,468.0,642.0,558.0,640.0,647.0,661.0,544.0,710.0,653.0,609.0,651.0,613.0,655.0,566.0,635.0,
2026-05-24T12:00,,686.0,781.0,514.0,,771.0,706.0,641.0,727.0,,,709.0,811.0,652.0,599.0,,,757.0,804.0,624.0,728.0,,,785.0,807.0,588.0,798.0,,,730.0,819.0,586.0,667.0,,,663.0,782.0,626.0,732.0,,,775.0,826.0,616.0,702.0,,,602.0,811.0,553.0,783.0,,,698.0,787.0,584.0,744.0,,,669.0,731.0,581.0,749.0,,,677.0,790.0,586.0,787.0,,,715.0,786.0,619.0,740.0,,,755.0,729.0,551.0,686.0,,,780.0,644.0,567.0,815.0,,,772.0,792.0,586.0,779.0,,,724.0,789.0,564.0,786.0,,,704.0,691.0,636.0,794.0,,755.0,753.0,663.0,784.0,709.0,733.0,571.0,687.0,741.0,722.0,576.0,716.0,760.0,586.0,780.0,753.0,651.0,682.0,803.0,587.0,717.0,638.0,634.0,770.0,740.0,657.0,724.0,763.0,642.0,793.0,795.0,546.0,778.0,743.0,602.0,673.0,754.0,531.0,799.0,733.0,511.0,665.0,784.0,616.0,718.0,610.0,760.0,420.0,568.0,475.0,736.0,645.0,769.0,565.0,664.0,598.0,752.0,562.0,723.0,642.0,712.0,713.0,704.0,650.0,794.0,706.0,727.0,761.0,638.0,743.0,716.0,746.0,
2026-05-24T13:00,,707.0,821.0,549.0,,821.0,738.0,677.0,794.0,,,761.0,852.0,702.0,609.0,,,787.0,842.0,647.0,766.0,,,842.0,845.0,609.0,845.0,,,761.0,866.0,642.0,735.0,,,691.0,814.0,676.0,743.0,,,813.0,865.0,682.0,761.0,,,606.0,853.0,587.0,826.0,,,730.0,813.0,644.0,814.0,,,669.0,763.0,647.0,814.0,,,689.0,820.0,600.0,822.0,,,746.0,822.0,662.0,814.0,,,786.0,792.0,625.0,751.0,,,835.0,713.0,626.0,865.0,,,827.0,821.0,613.0,810.0,,,738.0,835.0,588.0,828.0,,,747.0,767.0,675.0,839.0,,807.0,808.0,695.0,828.0,758.0,759.0,591.0,788.0,762.0,777.0,614.0,763.0,810.0,620.0,820.0,805.0,696.0,755.0,845.0,625.0,798.0,661.0,672.0,806.0,749.0,711.0,784.0,803.0,699.0,822.0,824.0,648.0,818.0,826.0,620.0,719.0,778.0,592.0,831.0,812.0,585.0,778.0,825.0,643.0,739.0,671.0,784.0,534.0,539.0,594.0,775.0,686.0,805.0,614.0,691.0,668.0,824.0,643.0,770.0,685.0,754.0,752.0,704.0,728.0,838.0,737.0,806.0,826.0,643.0,798.0,819.0,812.0,
2026-05-24T14:00,,729.0,822.0,555.0,,827.0,756.0,671.0,803.0,,,785.0,850.0,709.0,627.0,,,775.0,836.0,637.0,745.0,,,850.0,843.0,596.0,851.0,,,769.0,873.0,655.0,776.0,,,726.0,803.0,686.0,729.0,,,819.0,859.0,704.0,773.0,,,640.0,855.0,592.0,832.0,,,762.0,788.0,667.0,824.0,,,638.0,793.0,669.0,824.0,,,684.0,802.0,585.0,790.0,,,743.0,816.0,672.0,820.0,,,780.0,772.0,657.0,743.0,,,844.0,692.0,644.0,869.0,,,830.0,824.0,614.0,796.0,,,734.0,841.0,586.0,817.0,,,737.0,779.0,676.0,834.0,,825.0,820.0,689.0,829.0,785.0,773.0,589.0,802.0,742.0,796.0,614.0,797.0,823.0,623.0,828.0,808.0,699.0,783.0,841.0,633.0,826.0,709.0,674.0,814.0,692.0,721.0,800.0,774.0,711.0,811.0,760.0,696.0,817.0,830.0,608.0,728.0,744.0,614.0,791.0,827.0,623.0,814.0,819.0,636.0,733.0,692.0,752.0,605.0,560.0,667.0,797.0,689.0,794.0,623.0,729.0,691.0,842.0,679.0,789.0,688.0,773.0,780.0,659.0,768.0,839.0,768.0,826.0,841.0,651.0,817.0,845.0,812.0,
2026-05-24T15:00,,730.0,778.0,534.0,,784.0,741.0,619.0,761.0,,,770.0,802.0,670.0,632.0,,,721.0,786.0,605.0,679.0,,,804.0,797.0,551.0,811.0,,,743.0,833.0,620.0,778.0,,,739.0,748.0,654.0,683.0,,,783.0,804.0,677.0,739.0,,,670.0,813.0,574.0,793.0,,,769.0,718.0,652.0,782.0,,,575.0,797.0,638.0,780.0,,,651.0,740.0,553.0,704.0,,,703.0,766.0,653.0,770.0,,,734.0,696.0,637.0,679.0,,,806.0,615.0,611.0,822.0,,,779.0,788.0,596.0,736.0,,,700.0,802.0,569.0,755.0,,,683.0,739.0,642.0,780.0,,798.0,784.0,653.0,783.0,772.0,757.0,577.0,753.0,681.0,774.0,572.0,795.0,793.0,595.0,796.0,762.0,663.0,767.0,792.0,620.0,799.0,743.0,643.0,782.0,590.0,685.0,769.0,692.0,680.0,756.0,635.0,670.0,770.0,770.0,575.0,700.0,665.0,585.0,696.0,785.0,617.0,788.0,764.0,600.0,694.0,669.0,673.0,605.0,590.0,664.0,786.0,659.0,739.0,583.0,749.0,656.0,806.0,652.0,768.0,650.0,757.0,776.0,580.0,766.0,795.0,774.0,792.0,801.0,643.0,795.0,804.0,757.0,
2026-05-24T16:00,,680.0,684.0,484.0,,694.0,657.0,532.0,679.0,,,702.0,708.0,591.0,598.0,,,626.0,693.0,544.0,598.0,,,715.0,706.0,478.0,720.0,,,675.0,733.0,546.0,720.0,,,694.0,652.0,583.0,608.0,,,701.0,704.0,607.0,669.0,,,647.0,724.0,528.0,710.0,,,717.0,625.0,598.0,700.0,,,495.0,740.0,564.0,690.0,,,588.0,646.0,497.0,598.0,,,635.0,678.0,601.0,679.0,,,648.0,604.0,573.0,598.0,,,723.0,531.0,538.0,720.0,,,677.0,708.0,552.0,639.0,,,625.0,716.0,526.0,659.0,,,605.0,657.0,573.0,690.0,,723.0,701.0,582.0,690.0,707.0,692.0,541.0,669.0,595.0,701.0,497.0,730.0,714.0,537.0,720.0,677.0,588.0,700.0,703.0,575.0,710.0,707.0,578.0,700.0,490.0,608.0,690.0,594.0,606.0,669.0,515.0,589.0,679.0,676.0,516.0,629.0,573.0,518.0,578.0,702.0,570.0,710.0,670.0,534.0,625.0,605.0,577.0,552.0,574.0,607.0,719.0,593.0,652.0,507.0,707.0,577.0,723.0,578.0,700.0,576.0,694.0,715.0,494.0,709.0,705.0,715.0,713.0,716.0,590.0,723.0,716.0,669.0,
2026-05-24T17:00,,582.0,542.0,412.0,,563.0,497.0,432.0,574.0,,,585.0,580.0,488.0,530.0,,,496.0,568.0,453.0,529.0,,,594.0,583.0,398.0,586.0,,,575.0,578.0,447.0,608.0,,,584.0,525.0,482.0,518.0,,,579.0,571.0,505.0,580.0,,,566.0,599.0,445.0,593.0,,,603.0,527.0,506.0,596.0,,,408.0,623.0,466.0,561.0,,,502.0,537.0,417.0,492.0,,,551.0,569.0,510.0,564.0,,,528.0,524.0,480.0,525.0,,,604.0,469.0,444.0,568.0,,,533.0,592.0,473.0,516.0,,,511.0,591.0,451.0,545.0,,,523.0,550.0,474.0,580.0,,607.0,582.0,480.0,557.0,592.0,584.0,469.0,573.0,496.0,584.0,411.0,602.0,593.0,453.0,614.0,567.0,485.0,592.0,586.0,491.0,563.0,588.0,480.0,573.0,418.0,501.0,570.0,503.0,503.0,566.0,433.0,482.0,555.0,566.0,431.0,522.0,488.0,430.0,452.0,592.0,485.0,593.0,545.0,443.0,534.0,505.0,480.0,464.0,505.0,511.0,597.0,495.0,548.0,415.0,600.0,474.0,605.0,480.0,592.0,473.0,590.0,597.0,419.0,600.0,577.0,584.0,599.0,597.0,492.0,609.0,593.0,569.0,
2026-05-24T18:00,,453.0,386.0,325.0,,413.0,320.0,333.0,447.0,,,442.0,432.0,376.0,432.0,,,355.0,425.0,337.0,442.0,,,452.0,439.0,322.0,431.0,,,449.0,404.0,337.0,464.0,,,443.0,384.0,362.0,410.0,,,436.0,422.0,384.0,465.0,,,450.0,452.0,331.0,453.0,,,457.0,415.0,387.0,468.0,,,315.0,473.0,359.0,414.0,,,396.0,414.0,321.0,377.0,,,446.0,440.0,391.0,429.0,,,393.0,429.0,372.0,433.0,,,462.0,394.0,340.0,400.0,,,375.0,454.0,369.0,380.0,,,381.0,445.0,352.0,415.0,,,423.0,422.0,357.0,450.0,,465.0,440.0,358.0,407.0,450.0,448.0,369.0,453.0,385.0,442.0,327.0,444.0,448.0,352.0,481.0,437.0,364.0,456.0,449.0,376.0,395.0,434.0,359.0,425.0,344.0,378.0,427.0,402.0,384.0,444.0,352.0,364.0,413.0,438.0,327.0,395.0,394.0,332.0,325.0,459.0,371.0,450.0,405.0,337.0,424.0,380.0,374.0,353.0,405.0,390.0,447.0,377.0,428.0,320.0,458.0,366.0,462.0,371.0,457.0,355.0,458.0,451.0,339.0,460.0,429.0,425.0,460.0,455.0,372.0,468.0,448.0,448.0,
2026-05-24T19:00,,307.0,244.0,229.0,,269.0,182.0,231.0,299.0,,,294.0,278.0,258.0,299.0,,,230.0,277.0,219.0,311.0,,,302.0,285.0,238.0,277.0,,,306.0,249.0,224.0,305.0,,,295.0,245.0,238.0,279.0,,,289.0,271.0,257.0,318.0,,,309.0,296.0,213.0,299.0,,,304.0,280.0,259.0,316.0,,,217.0,310.0,246.0,267.0,,,274.0,275.0,219.0,253.0,,,311.0,292.0,262.0,283.0,,,259.0,297.0,254.0,303.0,,,309.0,280.0,232.0,249.0,,,234.0,300.0,252.0,247.0,,,253.0,292.0,243.0,275.0,,,296.0,279.0,236.0,301.0,,311.0,287.0,233.0,261.0,300.0,296.0,255.0,307.0,264.0,290.0,236.0,285.0,298.0,243.0,324.0,295.0,240.0,303.0,302.0,252.0,245.0,283.0,234.0,275.0,247.0,251.0,279.0,280.0,258.0,299.0,249.0,242.0,269.0,295.0,219.0,261.0,277.0,229.0,209.0,310.0,247.0,295.0,268.0,227.0,293.0,249.0,258.0,233.0,282.0,260.0,295.0,253.0,292.0,221.0,306.0,252.0,306.0,254.0,308.0,234.0,310.0,299.0,242.0,308.0,283.0,273.0,309.0,304.0,250.0,315.0,297.0,303.0,
2026-05-24T20:00,,161.0,127.0,127.0,,141.0,88.0,128.0,150.0,,,155.0,134.0,140.0,152.0,,,127.0,139.0,116.0,157.0,,,158.0,137.0,138.0,139.0,,,161.0,123.0,120.0,152.0,,,156.0,120.0,126.0,142.0,,,153.0,134.0,138.0,158.0,,,163.0,147.0,111.0,149.0,,,159.0,140.0,138.0,157.0,,,121.0,154.0,133.0,135.0,,,148.0,137.0,120.0,130.0,,,164.0,144.0,140.0,142.0,,,137.0,148.0,138.0,153.0,,,161.0,144.0,126.0,126.0,,,120.0,150.0,138.0,127.0,,,138.0,148.0,132.0,139.0,,,158.0,138.0,125.0,151.0,,162.0,141.0,122.0,132.0,158.0,146.0,139.0,154.0,143.0,145.0,134.0,142.0,157.0,133.0,160.0,156.0,127.0,151.0,159.0,135.0,124.0,150.0,123.0,138.0,135.0,133.0,140.0,151.0,138.0,150.0,133.0,129.0,136.0,153.0,117.0,133.0,150.0,125.0,110.0,162.0,132.0,147.0,144.0,122.0,156.0,130.0,141.0,123.0,152.0,138.0,155.0,136.0,155.0,122.0,160.0,137.0,155.0,138.0,161.0,123.0,163.0,157.0,135.0,161.0,150.0,142.0,162.0,159.0,137.0,164.0,156.0,152.0,
2026-05-24T21:00,,45.0,37.0,36.0,,41.0,24.0,36.0,38.0,,,44.0,33.0,39.0,39.0,,,40.0,37.0,33.0,39.0,,,45.0,33.0,40.0,37.0,,,45.0,33.0,34.0,39.0,,,44.0,31.0,35.0,37.0,,,44.0,34.0,39.0,40.0,,,45.0,38.0,31.0,38.0,,,45.0,35.0,38.0,39.0,,,38.0,39.0,37.0,36.0,,,43.0,35.0,35.0,36.0,,,46.0,36.0,39.0,37.0,,,40.0,36.0,38.0,39.0,,,45.0,38.0,35.0,35.0,,,34.0,38.0,39.0,35.0,,,42.0,40.0,37.0,37.0,,,45.0,35.0,35.0,38.0,,45.0,35.0,34.0,36.0,45.0,36.0,38.0,39.0,43.0,38.0,39.0,37.0,44.0,37.0,40.0,44.0,35.0,39.0,45.0,38.0,35.0,43.0,34.0,37.0,40.0,37.0,37.0,44.0,38.0,38.0,38.0,37.0,36.0,42.0,33.0,36.0,44.0,35.0,33.0,45.0,37.0,38.0,43.0,34.0,44.0,36.0,42.0,34.0,44.0,39.0,44.0,38.0,44.0,34.0,45.0,38.0,41.0,38.0,45.0,34.0,45.0,45.0,42.0,45.0,44.0,41.0,45.0,45.0,42.0,45.0,44.0,39.0,
2026-05-24T22:00,,0.0,0.0,0.0,,0.0,0.0,0.0,0.0,,,0.0,0.0,0.0,0.0,,,0.0,0.0,0.0,0.0,,,0.0,0.0,0.0,0.0,,,0.0,0.0,0.0,0.0,,,0.0,0.0,0.0,0.0,,,0.0,0.0,0.0,0.0,,,0.0,0.0,0.0,0.0,,,0.0,0.0,0.0,0.0,,,0.0,0.0,0.0,0.0,,,0.0,0.0,0.0,0.0,,,0.0,0.0,0.0,0.0,,,0.0,0.0,0.0,0.0,,,0.0,0.0,0.0,0.0,,,0.0,0.0,0.0,0.0,,,0.0,0.0,0.0,0.0,,,0.0,0.0,0.0,0.0,,0.0,0.0,0.0,0.0,0.0,0.0,0.0,0.0,0.0,0.0,0.0,0.0,0.0,0.0,0.0,0.0,0.0,0.0,0.0,0.0,0.0,0.0,0.0,0.0,0.0,0.0,0.0,0.0,0.0,0.0,0.0,0.0,0.0,0.0,0.0,0.0,0.0,0.0,0.0,0.0,0.0,0.0,0.0,0.0,0.0,0.0,0.0,0.0,0.0,0.0,0.0,0.0,0.0,0.0,0.0,0.0,0.0,0.0,0.0,0.0,0.0,0.0,0.0,0.0,0.0,0.0,0.0,0.0,0.0,0.0,0.0,0.0,
2026-05-24T23:00,,0.0,0.0,0.0,,0.0,0.0,0.0,0.0,,,0.0,0.0,0.0,0.0,,,0.0,0.0,0.0,0.0,,,0.0,0.0,0.0,0.0,,,0.0,0.0,0.0,0.0,,,0.0,0.0,0.0,0.0,,,0.0,0.0,0.0,0.0,,,0.0,0.0,0.0,0.0,,,0.0,0.0,0.0,0.0,,,0.0,0.0,0.0,0.0,,,0.0,0.0,0.0,0.0,,,0.0,0.0,0.0,0.0,,,0.0,0.0,0.0,0.0,,,0.0,0.0,0.0,0.0,,,0.0,0.0,0.0,0.0,,,0.0,0.0,0.0,0.0,,,0.0,0.0,0.0,0.0,,0.0,0.0,0.0,0.0,0.0,0.0,0.0,0.0,0.0,0.0,0.0,0.0,0.0,0.0,0.0,0.0,0.0,0.0,0.0,0.0,0.0,0.0,0.0,0.0,0.0,0.0,0.0,0.0,0.0,0.0,0.0,0.0,0.0,0.0,0.0,0.0,0.0,0.0,0.0,0.0,0.0,0.0,0.0,0.0,0.0,0.0,0.0,0.0,0.0,0.0,0.0,0.0,0.0,0.0,0.0,0.0,0.0,0.0,0.0,0.0,0.0,0.0,0.0,0.0,0.0,0.0,0.0,0.0,0.0,0.0,0.0,0.0,
2026-05-25T00:00,,0.0,0.0,0.0,,0.0,0.0,0.0,0.0,,,0.0,0.0,0.0,0.0,,,0.0,0.0,0.0,0.0,,,0.0,0.0,0.0,0.0,,,0.0,0.0,0.0,0.0,,,0.0,0.0,0.0,0.0,,,0.0,0.0,0.0,0.0,,,0.0,0.0,0.0,0.0,,,0.0,0.0,0.0,0.0,,,0.0,0.0,0.0,0.0,,,0.0,0.0,0.0,0.0,,,0.0,0.0,0.0,0.0,,,0.0,0.0,0.0,0.0,,,0.0,0.0,0.0,0.0,,,0.0,0.0,0.0,0.0,,,0.0,0.0,0.0,0.0,,,0.0,0.0,0.0,0.0,,0.0,0.0,0.0,0.0,0.0,0.0,0.0,0.0,0.0,0.0,0.0,0.0,0.0,0.0,0.0,0.0,0.0,0.0,0.0,0.0,0.0,0.0,0.0,0.0,0.0,0.0,0.0,0.0,0.0,0.0,0.0,0.0,0.0,0.0,0.0,0.0,0.0,0.0,0.0,0.0,0.0,0.0,0.0,0.0,0.0,0.0,0.0,0.0,0.0,0.0,0.0,0.0,0.0,0.0,0.0,0.0,0.0,0.0,0.0,0.0,0.0,0.0,0.0,0.0,0.0,0.0,0.0,0.0,0.0,0.0,0.0,0.0,
2026-05-25T01:00,,0.0,0.0,0.0,,0.0,0.0,0.0,0.0,,,0.0,0.0,0.0,0.0,,,0.0,0.0,0.0,0.0,,,0.0,0.0,0.0,0.0,,,0.0,0.0,0.0,0.0,,,0.0,0.0,0.0,0.0,,,0.0,0.0,0.0,0.0,,,0.0,0.0,0.0,0.0,,,0.0,0.0,0.0,0.0,,,0.0,0.0,0.0,0.0,,,0.0,0.0,0.0,0.0,,,0.0,0.0,0.0,0.0,,,0.0,0.0,0.0,0.0,,,0.0,0.0,0.0,0.0,,,0.0,0.0,0.0,0.0,,,0.0,0.0,0.0,0.0,,,0.0,0.0,0.0,0.0,,0.0,0.0,0.0,0.0,0.0,0.0,0.0,0.0,0.0,0.0,0.0,0.0,0.0,0.0,0.0,0.0,0.0,0.0,0.0,0.0,0.0,0.0,0.0,0.0,0.0,0.0,0.0,0.0,0.0,0.0,0.0,0.0,0.0,0.0,0.0,0.0,0.0,0.0,0.0,0.0,0.0,0.0,0.0,0.0,0.0,0.0,0.0,0.0,0.0,0.0,0.0,0.0,0.0,0.0,0.0,0.0,0.0,0.0,0.0,0.0,0.0,0.0,0.0,0.0,0.0,0.0,0.0,0.0,0.0,0.0,0.0,0.0,
2026-05-25T02:00,,0.0,0.0,0.0,,0.0,0.0,0.0,0.0,,,0.0,0.0,0.0,0.0,,,0.0,0.0,0.0,0.0,,,0.0,0.0,0.0,0.0,,,0.0,0.0,0.0,0.0,,,0.0,0.0,0.0,0.0,,,0.0,0.0,0.0,0.0,,,0.0,0.0,0.0,0.0,,,0.0,0.0,0.0,0.0,,,0.0,0.0,0.0,0.0,,,0.0,0.0,0.0,0.0,,,0.0,0.0,0.0,0.0,,,0.0,0.0,0.0,0.0,,,0.0,0.0,0.0,0.0,,,0.0,0.0,0.0,0.0,,,0.0,0.0,0.0,0.0,,,0.0,0.0,0.0,0.0,,0.0,0.0,0.0,0.0,0.0,0.0,0.0,0.0,0.0,0.0,0.0,0.0,0.0,0.0,0.0,0.0,0.0,0.0,0.0,0.0,0.0,0.0,0.0,0.0,0.0,0.0,0.0,0.0,0.0,0.0,0.0,0.0,0.0,0.0,0.0,0.0,0.0,0.0,0.0,0.0,0.0,0.0,0.0,0.0,0.0,0.0,0.0,0.0,0.0,0.0,0.0,0.0,0.0,0.0,0.0,0.0,0.0,0.0,0.0,0.0,0.0,0.0,0.0,0.0,0.0,0.0,0.0,0.0,0.0,0.0,0.0,0.0,
2026-05-25T03:00,,0.0,0.0,0.0,,0.0,0.0,0.0,0.0,,,0.0,0.0,0.0,0.0,,,0.0,0.0,0.0,0.0,,,0.0,0.0,0.0,0.0,,,0.0,0.0,0.0,0.0,,,0.0,0.0,0.0,0.0,,,0.0,0.0,0.0,0.0,,,0.0,0.0,0.0,0.0,,,0.0,0.0,0.0,0.0,,,0.0,0.0,0.0,0.0,,,0.0,0.0,0.0,0.0,,,0.0,0.0,0.0,0.0,,,0.0,0.0,0.0,0.0,,,0.0,0.0,0.0,0.0,,,0.0,0.0,0.0,0.0,,,0.0,0.0,0.0,0.0,,,0.0,0.0,0.0,0.0,,0.0,0.0,0.0,0.0,0.0,0.0,0.0,0.0,0.0,0.0,0.0,0.0,0.0,0.0,0.0,0.0,0.0,0.0,0.0,0.0,0.0,0.0,0.0,0.0,0.0,0.0,0.0,0.0,0.0,0.0,0.0,0.0,0.0,0.0,0.0,0.0,0.0,0.0,0.0,0.0,0.0,0.0,0.0,0.0,0.0,0.0,0.0,0.0,0.0,0.0,0.0,0.0,0.0,0.0,0.0,0.0,0.0,0.0,0.0,0.0,0.0,0.0,0.0,0.0,0.0,0.0,0.0,0.0,0.0,0.0,0.0,0.0,
2026-05-25T04:00,,0.0,0.0,0.0,,0.0,0.0,0.0,0.0,,,0.0,0.0,0.0,0.0,,,0.0,0.0,0.0,0.0,,,0.0,0.0,0.0,0.0,,,0.0,0.0,0.0,0.0,,,0.0,0.0,0.0,0.0,,,0.0,0.0,0.0,0.0,,,0.0,0.0,0.0,0.0,,,0.0,0.0,0.0,0.0,,,0.0,0.0,0.0,0.0,,,0.0,0.0,0.0,0.0,,,0.0,0.0,0.0,0.0,,,0.0,0.0,0.0,0.0,,,0.0,0.0,0.0,0.0,,,0.0,0.0,0.0,0.0,,,0.0,0.0,0.0,0.0,,,0.0,0.0,0.0,0.0,,0.0,0.0,0.0,0.0,0.0,0.0,0.0,0.0,0.0,0.0,0.0,0.0,0.0,0.0,0.0,0.0,0.0,0.0,0.0,0.0,0.0,0.0,0.0,0.0,0.0,0.0,0.0,0.0,0.0,0.0,0.0,0.0,0.0,0.0,0.0,0.0,0.0,0.0,0.0,0.0,0.0,0.0,0.0,0.0,0.0,0.0,0.0,0.0,0.0,0.0,0.0,0.0,0.0,0.0,0.0,0.0,0.0,0.0,0.0,0.0,0.0,0.0,0.0,0.0,0.0,0.0,0.0,0.0,0.0,0.0,0.0,0.0,
2026-05-25T05:00,,0.0,0.0,0.0,,0.0,0.0,0.0,0.0,,,0.0,0.0,0.0,0.0,,,0.0,0.0,0.0,0.0,,,0.0,0.0,0.0,0.0,,,0.0,0.0,0.0,0.0,,,0.0,0.0,0.0,0.0,,,0.0,0.0,0.0,0.0,,,0.0,0.0,0.0,0.0,,,0.0,0.0,0.0,0.0,,,0.0,0.0,0.0,0.0,,,0.0,0.0,0.0,0.0,,,0.0,0.0,0.0,0.0,,,0.0,0.0,0.0,0.0,,,0.0,0.0,0.0,0.0,,,0.0,0.0,0.0,0.0,,,0.0,0.0,0.0,0.0,,,0.0,0.0,0.0,0.0,,0.0,0.0,0.0,0.0,0.0,0.0,0.0,0.0,0.0,0.0,0.0,0.0,0.0,0.0,0.0,0.0,0.0,0.0,0.0,0.0,0.0,0.0,0.0,0.0,0.0,0.0,0.0,0.0,0.0,0.0,0.0,0.0,0.0,0.0,0.0,0.0,0.0,0.0,0.0,0.0,0.0,0.0,0.0,0.0,0.0,0.0,0.0,0.0,0.0,0.0,0.0,0.0,0.0,0.0,0.0,0.0,0.0,0.0,0.0,0.0,0.0,0.0,0.0,0.0,0.0,0.0,0.0,0.0,0.0,0.0,0.0,0.0,
2026-05-25T06:00,,45.0,50.0,34.0,,43.0,49.0,34.0,44.0,,,44.0,48.0,34.0,46.0,,,45.0,50.0,35.0,46.0,,,44.0,48.0,35.0,39.0,,,45.0,51.0,34.0,45.0,,,44.0,50.0,35.0,46.0,,,44.0,50.0,34.0,46.0,,,44.0,49.0,34.0,47.0,,,44.0,49.0,35.0,45.0,,,45.0,51.0,34.0,45.0,,,45.0,50.0,34.0,46.0,,,44.0,49.0,35.0,46.0,,,45.0,51.0,34.0,46.0,,,45.0,48.0,34.0,46.0,,,44.0,49.0,35.0,46.0,,,45.0,51.0,34.0,46.0,,,44.0,48.0,35.0,45.0,,44.0,49.0,34.0,45.0,44.0,48.0,34.0,46.0,44.0,50.0,34.0,45.0,45.0,34.0,46.0,44.0,34.0,46.0,45.0,35.0,42.0,44.0,35.0,46.0,45.0,35.0,45.0,44.0,34.0,45.0,45.0,34.0,46.0,44.0,35.0,39.0,45.0,34.0,46.0,44.0,34.0,46.0,46.0,34.0,45.0,35.0,45.0,34.0,44.0,34.0,44.0,34.0,44.0,34.0,45.0,35.0,44.0,34.0,44.0,34.0,45.0,44.0,45.0,44.0,44.0,45.0,45.0,44.0,45.0,45.0,44.0,45.0,
2026-05-25T07:00,,154.0,171.0,116.0,,148.0,167.0,116.0,151.0,,,151.0,164.0,116.0,156.0,,,153.0,169.0,118.0,156.0,,,151.0,165.0,118.0,135.0,,,153.0,174.0,116.0,154.0,,,152.0,170.0,118.0,156.0,,,152.0,169.0,116.0,156.0,,,153.0,168.0,116.0,162.0,,,153.0,167.0,118.0,154.0,,,153.0,172.0,116.0,154.0,,,153.0,169.0,116.0,158.0,,,153.0,167.0,118.0,156.0,,,153.0,175.0,116.0,158.0,,,154.0,164.0,117.0,156.0,,,153.0,168.0,118.0,156.0,,,153.0,173.0,116.0,156.0,,,153.0,165.0,118.0,154.0,,153.0,167.0,116.0,154.0,152.0,165.0,116.0,156.0,151.0,171.0,116.0,154.0,155.0,116.0,156.0,152.0,115.0,156.0,153.0,118.0,145.0,153.0,118.0,158.0,155.0,118.0,154.0,153.0,116.0,154.0,154.0,116.0,158.0,152.0,118.0,137.0,155.0,116.0,156.0,151.0,116.0,156.0,158.0,116.0,153.0,118.0,154.0,114.0,152.0,116.0,153.0,116.0,153.0,116.0,155.0,118.0,153.0,116.0,153.0,117.0,154.0,153.0,155.0,152.0,153.0,155.0,153.0,152.0,153.0,153.0,153.0,154.0,
2026-05-25T08:00,,286.0,311.0,206.0,,276.0,305.0,206.0,282.0,,,280.0,302.0,206.0,291.0,,,284.0,309.0,209.0,290.0,,,280.0,302.0,209.0,261.0,,,284.0,315.0,206.0,287.0,,,281.0,310.0,209.0,290.0,,,281.0,308.0,206.0,289.0,,,283.0,306.0,206.0,299.0,,,283.0,305.0,209.0,287.0,,,284.0,312.0,206.0,285.0,,,284.0,309.0,206.0,292.0,,,282.0,306.0,209.0,289.0,,,285.0,317.0,206.0,292.0,,,286.0,301.0,206.0,290.0,,,283.0,306.0,209.0,290.0,,,285.0,313.0,206.0,290.0,,,283.0,302.0,209.0,287.0,,283.0,305.0,206.0,287.0,281.0,302.0,206.0,290.0,280.0,310.0,206.0,287.0,288.0,206.0,290.0,281.0,202.0,289.0,285.0,209.0,275.0,283.0,209.0,292.0,288.0,209.0,287.0,282.0,206.0,287.0,286.0,206.0,292.0,282.0,209.0,266.0,288.0,206.0,289.0,279.0,206.0,290.0,293.0,206.0,284.0,209.0,286.0,202.0,282.0,206.0,284.0,206.0,283.0,206.0,287.0,209.0,283.0,206.0,282.0,206.0,286.0,283.0,287.0,282.0,282.0,287.0,285.0,281.0,285.0,285.0,282.0,287.0,
2026-05-25T09:00,,439.0,466.0,303.0,,430.0,460.0,303.0,440.0,,,431.0,460.0,303.0,451.0,,,435.0,467.0,308.0,444.0,,,432.0,456.0,307.0,423.0,,,437.0,471.0,304.0,443.0,,,433.0,467.0,308.0,445.0,,,434.0,464.0,303.0,444.0,,,434.0,461.0,304.0,455.0,,,435.0,461.0,308.0,443.0,,,435.0,468.0,302.0,437.0,,,437.0,467.0,303.0,446.0,,,434.0,462.0,308.0,444.0,,,438.0,472.0,303.0,446.0,,,439.0,456.0,302.0,445.0,,,436.0,459.0,308.0,445.0,,,438.0,468.0,303.0,445.0,,,436.0,457.0,309.0,444.0,,434.0,461.0,303.0,443.0,434.0,456.0,303.0,445.0,433.0,464.0,303.0,444.0,442.0,303.0,445.0,433.0,297.0,444.0,438.0,308.0,436.0,435.0,308.0,446.0,443.0,308.0,444.0,434.0,303.0,443.0,439.0,303.0,446.0,434.0,308.0,431.0,443.0,303.0,444.0,431.0,303.0,445.0,448.0,304.0,437.0,308.0,441.0,299.0,436.0,303.0,439.0,303.0,436.0,303.0,441.0,308.0,436.0,303.0,434.0,302.0,439.0,435.0,440.0,437.0,434.0,441.0,441.0,434.0,439.0,438.0,434.0,443.0,
2026-05-25T10:00,,590.0,616.0,406.0,,583.0,609.0,407.0,597.0,,,582.0,614.0,407.0,607.0,,,583.0,621.0,413.0,597.0,,,583.0,605.0,411.0,587.0,,,587.0,621.0,409.0,597.0,,,583.0,619.0,412.0,597.0,,,584.0,614.0,408.0,597.0,,,584.0,609.0,409.0,607.0,,,585.0,610.0,412.0,597.0,,,585.0,617.0,405.0,587.0,,,587.0,619.0,407.0,597.0,,,583.0,615.0,413.0,597.0,,,589.0,620.0,407.0,597.0,,,590.0,606.0,404.0,597.0,,,587.0,607.0,413.0,597.0,,,588.0,616.0,406.0,597.0,,,587.0,606.0,415.0,597.0,,584.0,612.0,408.0,597.0,585.0,605.0,407.0,597.0,584.0,612.0,407.0,597.0,593.0,407.0,597.0,583.0,398.0,597.0,589.0,412.0,597.0,585.0,413.0,597.0,595.0,413.0,597.0,584.0,408.0,597.0,590.0,407.0,597.0,585.0,414.0,597.0,595.0,407.0,597.0,581.0,407.0,597.0,601.0,408.0,588.0,412.0,593.0,404.0,588.0,405.0,592.0,407.0,587.0,407.0,592.0,414.0,587.0,408.0,583.0,404.0,590.0,585.0,590.0,590.0,583.0,592.0,594.0,584.0,591.0,589.0,583.0,597.0,
2026-05-25T11:00,,711.0,734.0,507.0,,706.0,728.0,509.0,723.0,,,704.0,734.0,510.0,729.0,,,700.0,743.0,517.0,720.0,,,705.0,724.0,512.0,714.0,,,709.0,739.0,512.0,723.0,,,705.0,739.0,515.0,719.0,,,705.0,733.0,511.0,721.0,,,705.0,727.0,512.0,730.0,,,707.0,730.0,514.0,720.0,,,707.0,735.0,505.0,710.0,,,709.0,739.0,510.0,722.0,,,704.0,737.0,517.0,722.0,,,711.0,738.0,509.0,722.0,,,712.0,725.0,503.0,719.0,,,707.0,727.0,517.0,719.0,,,708.0,734.0,508.0,720.0,,,710.0,725.0,519.0,718.0,,705.0,733.0,510.0,722.0,708.0,723.0,508.0,718.0,706.0,728.0,509.0,718.0,715.0,509.0,720.0,705.0,495.0,722.0,711.0,515.0,723.0,706.0,517.0,722.0,718.0,517.0,718.0,706.0,511.0,721.0,713.0,509.0,720.0,706.0,519.0,724.0,718.0,510.0,724.0,704.0,509.0,719.0,725.0,512.0,711.0,514.0,718.0,508.0,711.0,506.0,715.0,509.0,709.0,509.0,715.0,518.0,708.0,511.0,704.0,503.0,712.0,707.0,712.0,713.0,704.0,715.0,717.0,705.0,714.0,712.0,704.0,719.0,
2026-05-25T12:00,,796.0,815.0,594.0,,791.0,809.0,597.0,811.0,,,791.0,815.0,599.0,808.0,,,779.0,828.0,607.0,807.0,,,790.0,805.0,600.0,798.0,,,794.0,821.0,603.0,812.0,,,792.0,821.0,604.0,802.0,,,790.0,816.0,601.0,808.0,,,790.0,808.0,603.0,816.0,,,793.0,812.0,602.0,806.0,,,793.0,816.0,591.0,798.0,,,794.0,821.0,599.0,813.0,,,790.0,822.0,606.0,810.0,,,796.0,818.0,597.0,811.0,,,797.0,806.0,589.0,804.0,,,790.0,811.0,606.0,803.0,,,790.0,816.0,596.0,805.0,,,796.0,805.0,610.0,799.0,,789.0,817.0,600.0,810.0,795.0,803.0,597.0,801.0,792.0,806.0,598.0,801.0,801.0,597.0,805.0,791.0,580.0,811.0,797.0,603.0,806.0,791.0,606.0,813.0,805.0,606.0,801.0,794.0,600.0,807.0,799.0,597.0,807.0,790.0,610.0,805.0,803.0,598.0,817.0,791.0,597.0,803.0,812.0,601.0,797.0,602.0,807.0,598.0,797.0,593.0,801.0,598.0,794.0,597.0,801.0,608.0,793.0,601.0,790.0,588.0,798.0,793.0,798.0,799.0,790.0,801.0,801.0,789.0,801.0,798.0,790.0,802.0,
2026-05-25T13:00,,840.0,855.0,654.0,,836.0,849.0,658.0,857.0,,,838.0,854.0,660.0,849.0,,,820.0,869.0,668.0,853.0,,,836.0,846.0,659.0,843.0,,,840.0,861.0,665.0,859.0,,,838.0,862.0,664.0,845.0,,,835.0,857.0,662.0,855.0,,,835.0,847.0,665.0,861.0,,,841.0,852.0,661.0,851.0,,,840.0,856.0,650.0,845.0,,,840.0,862.0,660.0,861.0,,,835.0,864.0,668.0,857.0,,,841.0,858.0,658.0,859.0,,,842.0,846.0,647.0,849.0,,,834.0,853.0,668.0,847.0,,,832.0,857.0,656.0,851.0,,,843.0,844.0,673.0,841.0,,834.0,860.0,662.0,857.0,842.0,843.0,657.0,845.0,838.0,844.0,658.0,843.0,846.0,658.0,851.0,836.0,638.0,859.0,842.0,663.0,849.0,837.0,668.0,861.0,850.0,667.0,843.0,841.0,661.0,853.0,845.0,656.0,853.0,834.0,673.0,845.0,848.0,659.0,867.0,838.0,658.0,847.0,859.0,663.0,843.0,661.0,854.0,662.0,843.0,652.0,846.0,659.0,839.0,658.0,847.0,670.0,837.0,662.0,835.0,647.0,843.0,840.0,844.0,844.0,836.0,846.0,845.0,832.0,847.0,844.0,836.0,845.0,
2026-05-25T14:00,,842.0,853.0,674.0,,838.0,846.0,679.0,860.0,,,842.0,851.0,681.0,853.0,,,824.0,865.0,688.0,857.0,,,839.0,845.0,677.0,849.0,,,843.0,860.0,687.0,862.0,,,840.0,861.0,684.0,847.0,,,838.0,856.0,681.0,858.0,,,837.0,844.0,686.0,862.0,,,849.0,850.0,679.0,855.0,,,845.0,855.0,670.0,849.0,,,843.0,860.0,681.0,863.0,,,837.0,861.0,688.0,861.0,,,843.0,855.0,679.0,862.0,,,844.0,844.0,667.0,854.0,,,837.0,852.0,689.0,848.0,,,835.0,856.0,676.0,856.0,,,847.0,842.0,694.0,843.0,,836.0,861.0,683.0,860.0,846.0,841.0,677.0,851.0,840.0,842.0,679.0,845.0,847.0,679.0,855.0,836.0,658.0,861.0,844.0,683.0,850.0,842.0,688.0,863.0,852.0,686.0,845.0,845.0,682.0,857.0,848.0,675.0,857.0,836.0,694.0,846.0,850.0,680.0,871.0,841.0,679.0,848.0,863.0,684.0,845.0,681.0,855.0,684.0,846.0,672.0,847.0,680.0,840.0,679.0,849.0,690.0,839.0,683.0,837.0,666.0,845.0,844.0,846.0,846.0,839.0,848.0,845.0,835.0,848.0,847.0,839.0,846.0,
2026-05-25T15:00,,799.0,807.0,653.0,,796.0,800.0,657.0,817.0,,,801.0,803.0,660.0,814.0,,,786.0,815.0,666.0,816.0,,,797.0,800.0,655.0,811.0,,,801.0,814.0,666.0,818.0,,,798.0,814.0,663.0,805.0,,,796.0,810.0,657.0,816.0,,,796.0,797.0,664.0,817.0,,,813.0,804.0,653.0,815.0,,,805.0,809.0,651.0,807.0,,,800.0,814.0,660.0,819.0,,,795.0,813.0,666.0,818.0,,,800.0,809.0,658.0,818.0,,,802.0,797.0,647.0,815.0,,,798.0,805.0,669.0,804.0,,,794.0,812.0,656.0,816.0,,,806.0,795.0,672.0,803.0,,794.0,817.0,664.0,817.0,804.0,796.0,657.0,813.0,797.0,797.0,657.0,803.0,804.0,658.0,815.0,791.0,638.0,816.0,801.0,662.0,807.0,804.0,666.0,818.0,809.0,661.0,803.0,805.0,661.0,816.0,806.0,651.0,816.0,794.0,672.0,804.0,806.0,659.0,828.0,799.0,658.0,805.0,823.0,663.0,803.0,659.0,809.0,665.0,803.0,651.0,802.0,659.0,795.0,658.0,807.0,669.0,797.0,662.0,795.0,645.0,803.0,803.0,804.0,804.0,798.0,804.0,801.0,793.0,804.0,805.0,799.0,804.0,
2026-05-25T16:00,,714.0,717.0,597.0,,711.0,710.0,601.0,730.0,,,717.0,711.0,603.0,730.0,,,704.0,720.0,608.0,730.0,,,713.0,711.0,598.0,730.0,,,716.0,724.0,611.0,730.0,,,712.0,723.0,607.0,720.0,,,712.0,720.0,597.0,730.0,,,711.0,707.0,607.0,730.0,,,728.0,713.0,592.0,730.0,,,721.0,720.0,598.0,720.0,,,715.0,724.0,604.0,730.0,,,710.0,720.0,609.0,730.0,,,715.0,719.0,602.0,730.0,,,717.0,708.0,594.0,730.0,,,714.0,716.0,613.0,720.0,,,710.0,722.0,601.0,730.0,,,721.0,706.0,614.0,720.0,,710.0,727.0,609.0,730.0,719.0,707.0,601.0,730.0,712.0,708.0,601.0,720.0,717.0,603.0,730.0,706.0,586.0,730.0,715.0,605.0,720.0,721.0,609.0,730.0,723.0,601.0,720.0,720.0,604.0,730.0,720.0,592.0,730.0,709.0,615.0,720.0,720.0,602.0,740.0,714.0,602.0,720.0,736.0,607.0,717.0,602.0,721.0,610.0,717.0,595.0,714.0,603.0,709.0,602.0,720.0,612.0,712.0,606.0,710.0,591.0,717.0,719.0,718.0,718.0,715.0,717.0,714.0,709.0,717.0,720.0,714.0,720.0,
2026-05-25T17:00,,595.0,595.0,511.0,,594.0,590.0,515.0,614.0,,,598.0,588.0,516.0,613.0,,,587.0,594.0,519.0,613.0,,,596.0,590.0,510.0,619.0,,,597.0,602.0,523.0,614.0,,,594.0,599.0,519.0,607.0,,,595.0,598.0,506.0,614.0,,,592.0,587.0,518.0,615.0,,,603.0,589.0,502.0,616.0,,,603.0,599.0,514.0,600.0,,,597.0,603.0,517.0,611.0,,,592.0,597.0,520.0,611.0,,,597.0,598.0,515.0,614.0,,,599.0,588.0,510.0,612.0,,,596.0,596.0,526.0,611.0,,,593.0,600.0,515.0,612.0,,,601.0,585.0,525.0,608.0,,595.0,604.0,523.0,615.0,599.0,586.0,515.0,614.0,595.0,587.0,514.0,610.0,597.0,517.0,613.0,590.0,504.0,621.0,596.0,518.0,604.0,602.0,520.0,616.0,603.0,511.0,610.0,601.0,517.0,612.0,600.0,503.0,612.0,590.0,527.0,609.0,601.0,515.0,624.0,595.0,515.0,609.0,614.0,519.0,598.0,515.0,601.0,523.0,596.0,510.0,594.0,517.0,590.0,516.0,599.0,524.0,593.0,519.0,593.0,507.0,599.0,601.0,599.0,599.0,601.0,597.0,595.0,592.0,597.0,601.0,595.0,609.0,
2026-05-25T18:00,,454.0,452.0,402.0,,455.0,448.0,405.0,474.0,,,458.0,444.0,405.0,472.0,,,448.0,448.0,408.0,472.0,,,458.0,449.0,401.0,483.0,,,456.0,458.0,412.0,474.0,,,454.0,453.0,409.0,470.0,,,457.0,455.0,395.0,474.0,,,452.0,447.0,407.0,476.0,,,456.0,444.0,391.0,477.0,,,463.0,457.0,407.0,457.0,,,457.0,461.0,407.0,470.0,,,452.0,454.0,409.0,468.0,,,458.0,456.0,406.0,474.0,,,458.0,448.0,403.0,470.0,,,456.0,455.0,415.0,479.0,,,454.0,456.0,406.0,470.0,,,460.0,444.0,413.0,472.0,,458.0,459.0,413.0,476.0,457.0,445.0,406.0,472.0,456.0,446.0,404.0,477.0,456.0,407.0,472.0,453.0,399.0,487.0,455.0,408.0,466.0,461.0,409.0,478.0,461.0,399.0,477.0,460.0,406.0,470.0,459.0,393.0,470.0,450.0,414.0,474.0,460.0,405.0,483.0,455.0,406.0,474.0,470.0,408.0,457.0,405.0,461.0,413.0,454.0,401.0,453.0,407.0,451.0,406.0,457.0,412.0,454.0,409.0,454.0,400.0,458.0,462.0,459.0,458.0,464.0,456.0,455.0,453.0,457.0,460.0,454.0,474.0,
2026-05-25T19:00,,305.0,297.0,281.0,,305.0,294.0,283.0,316.0,,,308.0,290.0,283.0,313.0,,,300.0,292.0,285.0,313.0,,,307.0,294.0,280.0,324.0,,,306.0,301.0,289.0,316.0,,,304.0,297.0,286.0,313.0,,,308.0,299.0,275.0,316.0,,,304.0,293.0,284.0,318.0,,,302.0,289.0,271.0,318.0,,,312.0,301.0,286.0,301.0,,,306.0,304.0,285.0,311.0,,,304.0,297.0,286.0,309.0,,,307.0,301.0,284.0,316.0,,,307.0,294.0,283.0,311.0,,,305.0,300.0,291.0,322.0,,,304.0,300.0,284.0,311.0,,,309.0,291.0,288.0,316.0,,309.0,302.0,290.0,318.0,307.0,293.0,284.0,313.0,306.0,293.0,283.0,320.0,306.0,285.0,313.0,306.0,280.0,328.0,306.0,285.0,309.0,310.0,286.0,320.0,310.0,277.0,320.0,308.0,284.0,311.0,308.0,274.0,311.0,301.0,290.0,318.0,309.0,283.0,322.0,306.0,284.0,318.0,316.0,285.0,307.0,283.0,310.0,289.0,303.0,281.0,303.0,285.0,302.0,284.0,307.0,288.0,305.0,286.0,306.0,281.0,307.0,311.0,309.0,308.0,315.0,306.0,305.0,304.0,307.0,309.0,305.0,318.0,
2026-05-25T20:00,,162.0,148.0,160.0,,160.0,144.0,161.0,156.0,,,163.0,142.0,161.0,155.0,,,157.0,143.0,162.0,155.0,,,160.0,144.0,159.0,160.0,,,162.0,150.0,165.0,156.0,,,159.0,148.0,163.0,155.0,,,163.0,149.0,156.0,156.0,,,162.0,144.0,162.0,157.0,,,158.0,142.0,154.0,157.0,,,165.0,150.0,163.0,150.0,,,160.0,151.0,162.0,154.0,,,162.0,145.0,163.0,153.0,,,160.0,150.0,162.0,156.0,,,160.0,144.0,162.0,154.0,,,159.0,149.0,166.0,159.0,,,159.0,149.0,162.0,154.0,,,164.0,143.0,164.0,156.0,,164.0,150.0,165.0,157.0,163.0,146.0,162.0,155.0,160.0,146.0,161.0,158.0,162.0,163.0,155.0,163.0,160.0,162.0,162.0,163.0,153.0,164.0,163.0,158.0,164.0,157.0,158.0,161.0,162.0,154.0,163.0,155.0,154.0,158.0,165.0,157.0,164.0,161.0,159.0,163.0,162.0,157.0,166.0,163.0,163.0,161.0,164.0,165.0,158.0,160.0,159.0,163.0,158.0,162.0,163.0,164.0,162.0,163.0,163.0,160.0,160.0,165.0,164.0,163.0,166.0,162.0,159.0,159.0,163.0,164.0,162.0,157.0,
2026-05-25T21:00,,48.0,39.0,51.0,,45.0,36.0,51.0,40.0,,,48.0,36.0,51.0,40.0,,,45.0,36.0,51.0,40.0,,,46.0,36.0,50.0,40.0,,,48.0,39.0,52.0,40.0,,,45.0,39.0,52.0,40.0,,,48.0,39.0,49.0,40.0,,,47.0,36.0,51.0,40.0,,,45.0,36.0,49.0,40.0,,,48.0,39.0,52.0,39.0,,,45.0,39.0,51.0,39.0,,,47.0,36.0,51.0,39.0,,,46.0,39.0,51.0,40.0,,,46.0,36.0,51.0,39.0,,,45.0,39.0,52.0,40.0,,,45.0,39.0,51.0,39.0,,,48.0,36.0,52.0,40.0,,48.0,39.0,52.0,40.0,48.0,38.0,51.0,40.0,46.0,38.0,51.0,40.0,48.0,51.0,40.0,48.0,51.0,41.0,48.0,51.0,39.0,48.0,51.0,40.0,48.0,50.0,40.0,46.0,51.0,39.0,48.0,49.0,39.0,45.0,52.0,40.0,48.0,51.0,40.0,48.0,51.0,40.0,48.0,51.0,48.0,51.0,48.0,52.0,45.0,51.0,45.0,51.0,45.0,51.0,48.0,52.0,48.0,52.0,48.0,51.0,46.0,48.0,48.0,48.0,48.0,48.0,45.0,45.0,48.0,48.0,48.0,40.0,
2026-05-25T22:00,,0.0,0.0,0.0,,0.0,0.0,0.0,0.0,,,0.0,0.0,0.0,0.0,,,0.0,0.0,0.0,0.0,,,0.0,0.0,0.0,0.0,,,0.0,0.0,0.0,0.0,,,0.0,0.0,0.0,0.0,,,0.0,0.0,0.0,0.0,,,0.0,0.0,0.0,0.0,,,0.0,0.0,0.0,0.0,,,0.0,0.0,0.0,0.0,,,0.0,0.0,0.0,0.0,,,0.0,0.0,0.0,0.0,,,0.0,0.0,0.0,0.0,,,0.0,0.0,0.0,0.0,,,0.0,0.0,0.0,0.0,,,0.0,0.0,0.0,0.0,,,0.0,0.0,0.0,0.0,,0.0,0.0,0.0,0.0,0.0,0.0,0.0,0.0,0.0,0.0,0.0,0.0,0.0,0.0,0.0,0.0,0.0,0.0,0.0,0.0,0.0,0.0,0.0,0.0,0.0,0.0,0.0,0.0,0.0,0.0,0.0,0.0,0.0,0.0,0.0,0.0,0.0,0.0,0.0,0.0,0.0,0.0,0.0,0.0,0.0,0.0,0.0,0.0,0.0,0.0,0.0,0.0,0.0,0.0,0.0,0.0,0.0,0.0,0.0,0.0,0.0,0.0,0.0,0.0,0.0,0.0,0.0,0.0,0.0,0.0,0.0,0.0,
2026-05-25T23:00,,0.0,0.0,0.0,,0.0,0.0,0.0,0.0,,,0.0,0.0,0.0,0.0,,,0.0,0.0,0.0,0.0,,,0.0,0.0,0.0,0.0,,,0.0,0.0,0.0,0.0,,,0.0,0.0,0.0,0.0,,,0.0,0.0,0.0,0.0,,,0.0,0.0,0.0,0.0,,,0.0,0.0,0.0,0.0,,,0.0,0.0,0.0,0.0,,,0.0,0.0,0.0,0.0,,,0.0,0.0,0.0,0.0,,,0.0,0.0,0.0,0.0,,,0.0,0.0,0.0,0.0,,,0.0,0.0,0.0,0.0,,,0.0,0.0,0.0,0.0,,,0.0,0.0,0.0,0.0,,0.0,0.0,0.0,0.0,0.0,0.0,0.0,0.0,0.0,0.0,0.0,0.0,0.0,0.0,0.0,0.0,0.0,0.0,0.0,0.0,0.0,0.0,0.0,0.0,0.0,0.0,0.0,0.0,0.0,0.0,0.0,0.0,0.0,0.0,0.0,0.0,0.0,0.0,0.0,0.0,0.0,0.0,0.0,0.0,0.0,0.0,0.0,0.0,0.0,0.0,0.0,0.0,0.0,0.0,0.0,0.0,0.0,0.0,0.0,0.0,0.0,0.0,0.0,0.0,0.0,0.0,0.0,0.0,0.0,0.0,0.0,0.0,
2026-05-26T00:00,,0.0,0.0,0.0,,0.0,0.0,0.0,0.0,,,0.0,0.0,0.0,0.0,,,0.0,0.0,0.0,0.0,,,0.0,0.0,0.0,0.0,,,0.0,0.0,0.0,0.0,,,0.0,0.0,0.0,0.0,,,0.0,0.0,0.0,0.0,,,0.0,0.0,0.0,0.0,,,0.0,0.0,0.0,0.0,,,0.0,0.0,0.0,0.0,,,0.0,0.0,0.0,0.0,,,0.0,0.0,0.0,0.0,,,0.0,0.0,0.0,0.0,,,0.0,0.0,0.0,0.0,,,0.0,0.0,0.0,0.0,,,0.0,0.0,0.0,0.0,,,0.0,0.0,0.0,0.0,,0.0,0.0,0.0,0.0,0.0,0.0,0.0,0.0,0.0,0.0,0.0,0.0,0.0,0.0,0.0,0.0,0.0,0.0,0.0,0.0,0.0,0.0,0.0,0.0,0.0,0.0,0.0,0.0,0.0,0.0,0.0,0.0,0.0,0.0,0.0,0.0,0.0,0.0,0.0,0.0,0.0,0.0,0.0,0.0,0.0,0.0,0.0,0.0,0.0,0.0,0.0,0.0,0.0,0.0,0.0,0.0,0.0,0.0,0.0,0.0,0.0,0.0,0.0,0.0,0.0,0.0,0.0,0.0,0.0,0.0,0.0,0.0,
2026-05-26T01:00,,0.0,0.0,0.0,,0.0,0.0,0.0,0.0,,,0.0,0.0,0.0,0.0,,,0.0,0.0,0.0,0.0,,,0.0,0.0,0.0,0.0,,,0.0,0.0,0.0,0.0,,,0.0,0.0,0.0,0.0,,,0.0,0.0,0.0,0.0,,,0.0,0.0,0.0,0.0,,,0.0,0.0,0.0,0.0,,,0.0,0.0,0.0,0.0,,,0.0,0.0,0.0,0.0,,,0.0,0.0,0.0,0.0,,,0.0,0.0,0.0,0.0,,,0.0,0.0,0.0,0.0,,,0.0,0.0,0.0,0.0,,,0.0,0.0,0.0,0.0,,,0.0,0.0,0.0,0.0,,0.0,0.0,0.0,0.0,0.0,0.0,0.0,0.0,0.0,0.0,0.0,0.0,0.0,0.0,0.0,0.0,0.0,0.0,0.0,0.0,0.0,0.0,0.0,0.0,0.0,0.0,0.0,0.0,0.0,0.0,0.0,0.0,0.0,0.0,0.0,0.0,0.0,0.0,0.0,0.0,0.0,0.0,0.0,0.0,0.0,0.0,0.0,0.0,0.0,0.0,0.0,0.0,0.0,0.0,0.0,0.0,0.0,0.0,0.0,0.0,0.0,0.0,0.0,0.0,0.0,0.0,0.0,0.0,0.0,0.0,0.0,0.0,
2026-05-26T02:00,,0.0,0.0,0.0,,0.0,0.0,0.0,0.0,,,0.0,0.0,0.0,0.0,,,0.0,0.0,0.0,0.0,,,0.0,0.0,0.0,0.0,,,0.0,0.0,0.0,0.0,,,0.0,0.0,0.0,0.0,,,0.0,0.0,0.0,0.0,,,0.0,0.0,0.0,0.0,,,0.0,0.0,0.0,0.0,,,0.0,0.0,0.0,0.0,,,0.0,0.0,0.0,0.0,,,0.0,0.0,0.0,0.0,,,0.0,0.0,0.0,0.0,,,0.0,0.0,0.0,0.0,,,0.0,0.0,0.0,0.0,,,0.0,0.0,0.0,0.0,,,0.0,0.0,0.0,0.0,,0.0,0.0,0.0,0.0,0.0,0.0,0.0,0.0,0.0,0.0,0.0,0.0,0.0,0.0,0.0,0.0,0.0,0.0,0.0,0.0,0.0,0.0,0.0,0.0,0.0,0.0,0.0,0.0,0.0,0.0,0.0,0.0,0.0,0.0,0.0,0.0,0.0,0.0,0.0,0.0,0.0,0.0,0.0,0.0,0.0,0.0,0.0,0.0,0.0,0.0,0.0,0.0,0.0,0.0,0.0,0.0,0.0,0.0,0.0,0.0,0.0,0.0,0.0,0.0,0.0,0.0,0.0,0.0,0.0,0.0,0.0,0.0,
2026-05-26T03:00,,0.0,0.0,0.0,,0.0,0.0,0.0,0.0,,,0.0,0.0,0.0,0.0,,,0.0,0.0,0.0,0.0,,,0.0,0.0,0.0,0.0,,,0.0,0.0,0.0,0.0,,,0.0,0.0,0.0,0.0,,,0.0,0.0,0.0,0.0,,,0.0,0.0,0.0,0.0,,,0.0,0.0,0.0,0.0,,,0.0,0.0,0.0,0.0,,,0.0,0.0,0.0,0.0,,,0.0,0.0,0.0,0.0,,,0.0,0.0,0.0,0.0,,,0.0,0.0,0.0,0.0,,,0.0,0.0,0.0,0.0,,,0.0,0.0,0.0,0.0,,,0.0,0.0,0.0,0.0,,0.0,0.0,0.0,0.0,0.0,0.0,0.0,0.0,0.0,0.0,0.0,0.0,0.0,0.0,0.0,0.0,0.0,0.0,0.0,0.0,0.0,0.0,0.0,0.0,0.0,0.0,0.0,0.0,0.0,0.0,0.0,0.0,0.0,0.0,0.0,0.0,0.0,0.0,0.0,0.0,0.0,0.0,0.0,0.0,0.0,0.0,0.0,0.0,0.0,0.0,0.0,0.0,0.0,0.0,0.0,0.0,0.0,0.0,0.0,0.0,0.0,0.0,0.0,0.0,0.0,0.0,0.0,0.0,0.0,0.0,0.0,0.0,
2026-05-26T04:00,,0.0,0.0,0.0,,0.0,0.0,0.0,0.0,,,0.0,0.0,0.0,0.0,,,0.0,0.0,0.0,0.0,,,0.0,0.0,0.0,0.0,,,0.0,0.0,0.0,0.0,,,0.0,0.0,0.0,0.0,,,0.0,0.0,0.0,0.0,,,0.0,0.0,0.0,0.0,,,0.0,0.0,0.0,0.0,,,0.0,0.0,0.0,0.0,,,0.0,0.0,0.0,0.0,,,0.0,0.0,0.0,0.0,,,0.0,0.0,0.0,0.0,,,0.0,0.0,0.0,0.0,,,0.0,0.0,0.0,0.0,,,0.0,0.0,0.0,0.0,,,0.0,0.0,0.0,0.0,,0.0,0.0,0.0,0.0,0.0,0.0,0.0,0.0,0.0,0.0,0.0,0.0,0.0,0.0,0.0,0.0,0.0,0.0,0.0,0.0,0.0,0.0,0.0,0.0,0.0,0.0,0.0,0.0,0.0,0.0,0.0,0.0,0.0,0.0,0.0,0.0,0.0,0.0,0.0,0.0,0.0,0.0,0.0,0.0,0.0,0.0,0.0,0.0,0.0,0.0,0.0,0.0,0.0,0.0,0.0,0.0,0.0,0.0,0.0,0.0,0.0,0.0,0.0,0.0,0.0,0.0,0.0,0.0,0.0,0.0,0.0,0.0,
2026-05-26T05:00,,0.0,0.0,0.0,,0.0,0.0,0.0,0.0,,,0.0,0.0,0.0,0.0,,,0.0,0.0,0.0,0.0,,,0.0,0.0,0.0,0.0,,,0.0,0.0,0.0,0.0,,,0.0,0.0,0.0,0.0,,,0.0,0.0,0.0,0.0,,,0.0,0.0,0.0,0.0,,,0.0,0.0,0.0,0.0,,,0.0,0.0,0.0,0.0,,,0.0,0.0,0.0,0.0,,,0.0,0.0,0.0,0.0,,,0.0,0.0,0.0,0.0,,,0.0,0.0,0.0,0.0,,,0.0,0.0,0.0,0.0,,,0.0,0.0,0.0,0.0,,,0.0,0.0,0.0,0.0,,0.0,0.0,0.0,0.0,0.0,0.0,0.0,0.0,0.0,0.0,0.0,0.0,0.0,0.0,0.0,0.0,0.0,0.0,0.0,0.0,0.0,0.0,0.0,0.0,0.0,0.0,0.0,0.0,0.0,0.0,0.0,0.0,0.0,0.0,0.0,0.0,0.0,0.0,0.0,0.0,0.0,0.0,0.0,0.0,0.0,0.0,0.0,0.0,0.0,0.0,0.0,0.0,0.0,0.0,0.0,0.0,0.0,0.0,0.0,0.0,0.0,0.0,0.0,0.0,0.0,0.0,0.0,0.0,0.0,0.0,0.0,0.0,
2026-05-26T06:00,,47.0,52.0,35.0,,46.0,50.0,36.0,46.0,,,47.0,51.0,36.0,48.0,,,46.0,49.0,35.0,48.0,,,47.0,51.0,35.0,47.0,,,46.0,53.0,36.0,47.0,,,46.0,51.0,34.0,48.0,,,46.0,51.0,35.0,47.0,,,46.0,51.0,35.0,46.0,,,41.0,50.0,36.0,48.0,,,46.0,49.0,34.0,47.0,,,47.0,54.0,37.0,47.0,,,47.0,51.0,35.0,47.0,,,47.0,52.0,35.0,47.0,,,47.0,50.0,35.0,47.0,,,46.0,54.0,33.0,47.0,,,47.0,53.0,35.0,47.0,,,46.0,52.0,37.0,46.0,,47.0,50.0,33.0,47.0,47.0,46.0,36.0,46.0,45.0,53.0,35.0,47.0,46.0,35.0,47.0,46.0,30.0,46.0,46.0,36.0,47.0,46.0,35.0,47.0,48.0,36.0,47.0,47.0,26.0,47.0,46.0,36.0,47.0,46.0,37.0,47.0,46.0,35.0,47.0,47.0,35.0,47.0,46.0,36.0,46.0,36.0,47.0,36.0,43.0,35.0,45.0,35.0,46.0,36.0,47.0,35.0,48.0,35.0,46.0,36.0,48.0,47.0,47.0,47.0,46.0,47.0,48.0,46.0,47.0,47.0,47.0,47.0,
2026-05-26T07:00,,157.0,172.0,118.0,,154.0,166.0,118.0,155.0,,,157.0,169.0,120.0,160.0,,,154.0,164.0,117.0,160.0,,,157.0,170.0,118.0,157.0,,,156.0,175.0,118.0,158.0,,,155.0,169.0,114.0,160.0,,,156.0,168.0,118.0,157.0,,,156.0,168.0,118.0,155.0,,,140.0,165.0,120.0,160.0,,,155.0,161.0,114.0,158.0,,,157.0,179.0,122.0,158.0,,,157.0,171.0,118.0,158.0,,,158.0,172.0,118.0,157.0,,,157.0,167.0,118.0,157.0,,,154.0,178.0,111.0,158.0,,,157.0,175.0,118.0,158.0,,,156.0,173.0,122.0,155.0,,157.0,167.0,109.0,158.0,157.0,153.0,120.0,155.0,152.0,177.0,118.0,157.0,156.0,118.0,158.0,156.0,100.0,155.0,155.0,120.0,157.0,154.0,118.0,158.0,159.0,119.0,158.0,157.0,86.0,157.0,154.0,118.0,157.0,155.0,122.0,157.0,156.0,118.0,157.0,158.0,118.0,158.0,154.0,120.0,154.0,120.0,157.0,121.0,144.0,118.0,152.0,118.0,154.0,120.0,157.0,118.0,158.0,118.0,156.0,120.0,160.0,156.0,157.0,157.0,154.0,156.0,159.0,154.0,157.0,158.0,157.0,158.0,
2026-05-26T08:00,,290.0,311.0,208.0,,279.0,298.0,208.0,287.0,,,289.0,308.0,212.0,296.0,,,283.0,300.0,205.0,296.0,,,289.0,308.0,208.0,289.0,,,287.0,316.0,208.0,291.0,,,284.0,308.0,201.0,296.0,,,287.0,305.0,208.0,289.0,,,289.0,306.0,208.0,287.0,,,264.0,302.0,212.0,296.0,,,285.0,290.0,201.0,291.0,,,290.0,321.0,215.0,291.0,,,289.0,310.0,208.0,293.0,,,292.0,311.0,208.0,291.0,,,288.0,304.0,208.0,289.0,,,284.0,320.0,198.0,291.0,,,288.0,314.0,208.0,291.0,,,287.0,312.0,215.0,285.0,,288.0,304.0,191.0,295.0,289.0,284.0,212.0,283.0,283.0,318.0,208.0,289.0,289.0,208.0,291.0,287.0,178.0,287.0,285.0,212.0,289.0,282.0,208.0,293.0,294.0,208.0,291.0,291.0,154.0,289.0,286.0,208.0,289.0,289.0,215.0,278.0,287.0,208.0,287.0,291.0,208.0,291.0,284.0,212.0,284.0,212.0,291.0,212.0,272.0,208.0,281.0,208.0,286.0,212.0,291.0,208.0,287.0,208.0,287.0,212.0,294.0,283.0,290.0,289.0,283.0,284.0,294.0,284.0,288.0,290.0,291.0,291.0,
2026-05-26T09:00,,445.0,465.0,306.0,,421.0,441.0,306.0,443.0,,,443.0,464.0,311.0,453.0,,,434.0,454.0,294.0,453.0,,,442.0,462.0,306.0,444.0,,,441.0,472.0,305.0,445.0,,,435.0,464.0,298.0,453.0,,,440.0,457.0,307.0,444.0,,,446.0,461.0,307.0,443.0,,,418.0,456.0,311.0,453.0,,,438.0,432.0,294.0,445.0,,,443.0,473.0,315.0,445.0,,,443.0,466.0,306.0,452.0,,,449.0,465.0,307.0,450.0,,,442.0,459.0,306.0,444.0,,,439.0,474.0,295.0,446.0,,,440.0,465.0,306.0,445.0,,,441.0,466.0,315.0,437.0,,442.0,459.0,278.0,458.0,443.0,439.0,311.0,429.0,440.0,472.0,307.0,445.0,445.0,306.0,445.0,441.0,264.0,443.0,437.0,311.0,444.0,429.0,307.0,451.0,450.0,303.0,445.0,446.0,228.0,445.0,444.0,306.0,444.0,448.0,316.0,407.0,441.0,307.0,438.0,443.0,307.0,446.0,437.0,311.0,439.0,311.0,445.0,306.0,429.0,306.0,434.0,307.0,442.0,311.0,447.0,307.0,431.0,306.0,440.0,311.0,447.0,428.0,447.0,445.0,433.0,430.0,450.0,438.0,441.0,442.0,446.0,445.0,
2026-05-26T10:00,,593.0,612.0,411.0,,551.0,581.0,409.0,597.0,,,595.0,616.0,417.0,607.0,,,581.0,603.0,380.0,607.0,,,593.0,610.0,411.0,597.0,,,594.0,621.0,407.0,597.0,,,585.0,609.0,402.0,607.0,,,592.0,603.0,412.0,597.0,,,602.0,611.0,415.0,597.0,,,574.0,606.0,417.0,607.0,,,587.0,571.0,391.0,597.0,,,594.0,619.0,422.0,597.0,,,591.0,617.0,409.0,607.0,,,602.0,612.0,412.0,607.0,,,593.0,608.0,409.0,597.0,,,592.0,621.0,402.0,597.0,,,590.0,609.0,411.0,597.0,,,593.0,613.0,422.0,587.0,,593.0,608.0,368.0,618.0,595.0,591.0,416.0,567.0,582.0,620.0,412.0,597.0,595.0,411.0,597.0,591.0,360.0,597.0,586.0,416.0,597.0,568.0,412.0,607.0,598.0,401.0,597.0,590.0,309.0,597.0,598.0,411.0,597.0,592.0,423.0,526.0,590.0,412.0,587.0,593.0,412.0,597.0,588.0,416.0,591.0,415.0,587.0,403.0,577.0,411.0,585.0,412.0,593.0,417.0,601.0,414.0,563.0,411.0,591.0,417.0,597.0,559.0,602.0,599.0,569.0,572.0,596.0,587.0,591.0,591.0,594.0,597.0,
2026-05-26T11:00,,708.0,730.0,514.0,,626.0,704.0,509.0,719.0,,,718.0,735.0,521.0,729.0,,,701.0,722.0,458.0,730.0,,,716.0,727.0,515.0,719.0,,,719.0,739.0,507.0,722.0,,,709.0,711.0,506.0,729.0,,,715.0,720.0,516.0,721.0,,,728.0,731.0,522.0,719.0,,,699.0,727.0,521.0,731.0,,,705.0,691.0,484.0,721.0,,,717.0,736.0,525.0,721.0,,,704.0,737.0,511.0,728.0,,,724.0,731.0,516.0,729.0,,,715.0,728.0,511.0,721.0,,,716.0,738.0,510.0,720.0,,,716.0,728.0,514.0,721.0,,,716.0,732.0,526.0,711.0,,716.0,727.0,454.0,739.0,719.0,706.0,518.0,661.0,659.0,738.0,516.0,720.0,697.0,514.0,720.0,714.0,456.0,720.0,706.0,519.0,723.0,666.0,516.0,735.0,702.0,495.0,721.0,682.0,391.0,716.0,719.0,514.0,722.0,670.0,528.0,614.0,699.0,516.0,708.0,715.0,516.0,718.0,711.0,518.0,712.0,518.0,676.0,493.0,668.0,514.0,708.0,516.0,705.0,521.0,726.0,520.0,651.0,514.0,714.0,520.0,721.0,635.0,724.0,723.0,649.0,691.0,689.0,701.0,716.0,718.0,704.0,721.0,
2026-05-26T12:00,,780.0,810.0,604.0,,651.0,800.0,596.0,801.0,,,805.0,816.0,611.0,812.0,,,783.0,804.0,521.0,814.0,,,803.0,806.0,605.0,803.0,,,809.0,820.0,592.0,811.0,,,799.0,764.0,597.0,811.0,,,802.0,799.0,607.0,807.0,,,817.0,814.0,615.0,802.0,,,787.0,810.0,612.0,815.0,,,783.0,784.0,564.0,808.0,,,804.0,817.0,614.0,808.0,,,772.0,820.0,598.0,807.0,,,807.0,813.0,606.0,810.0,,,801.0,809.0,599.0,808.0,,,803.0,818.0,607.0,805.0,,,806.0,814.0,603.0,808.0,,,801.0,815.0,615.0,799.0,,803.0,808.0,525.0,817.0,806.0,777.0,607.0,711.0,671.0,821.0,607.0,805.0,750.0,604.0,807.0,800.0,542.0,804.0,788.0,608.0,812.0,718.0,607.0,825.0,757.0,573.0,810.0,720.0,465.0,794.0,797.0,604.0,810.0,681.0,618.0,667.0,763.0,606.0,795.0,802.0,607.0,802.0,796.0,607.0,795.0,606.0,710.0,567.0,700.0,604.0,795.0,607.0,770.0,611.0,815.0,612.0,691.0,604.0,800.0,609.0,808.0,659.0,806.0,809.0,672.0,776.0,729.0,773.0,805.0,809.0,768.0,809.0,
2026-05-26T13:00,,799.0,850.0,666.0,,662.0,854.0,655.0,843.0,,,852.0,856.0,673.0,855.0,,,811.0,847.0,562.0,859.0,,,850.0,845.0,667.0,847.0,,,856.0,859.0,651.0,857.0,,,846.0,782.0,661.0,853.0,,,849.0,837.0,670.0,853.0,,,863.0,855.0,676.0,845.0,,,833.0,848.0,674.0,859.0,,,820.0,837.0,619.0,855.0,,,850.0,854.0,675.0,855.0,,,785.0,862.0,659.0,847.0,,,850.0,854.0,669.0,851.0,,,847.0,850.0,659.0,855.0,,,850.0,858.0,676.0,847.0,,,844.0,857.0,664.0,855.0,,,847.0,857.0,674.0,847.0,,849.0,849.0,572.0,855.0,853.0,814.0,668.0,741.0,643.0,862.0,670.0,839.0,776.0,666.0,853.0,829.0,603.0,849.0,830.0,668.0,845.0,722.0,669.0,873.0,780.0,624.0,857.0,724.0,519.0,834.0,824.0,666.0,855.0,652.0,680.0,700.0,796.0,669.0,839.0,843.0,670.0,847.0,836.0,668.0,839.0,667.0,702.0,613.0,692.0,665.0,841.0,669.0,788.0,671.0,861.0,674.0,687.0,666.0,846.0,669.0,839.0,664.0,849.0,855.0,660.0,807.0,740.0,803.0,844.0,840.0,788.0,855.0,
2026-05-26T14:00,,750.0,848.0,687.0,,691.0,855.0,674.0,853.0,,,856.0,855.0,694.0,858.0,,,765.0,850.0,574.0,864.0,,,857.0,843.0,688.0,848.0,,,857.0,858.0,670.0,860.0,,,846.0,770.0,684.0,856.0,,,853.0,832.0,691.0,857.0,,,864.0,854.0,692.0,862.0,,,839.0,841.0,695.0,860.0,,,814.0,843.0,637.0,859.0,,,855.0,839.0,695.0,858.0,,,723.0,862.0,678.0,852.0,,,852.0,851.0,690.0,854.0,,,851.0,849.0,678.0,862.0,,,853.0,856.0,701.0,847.0,,,817.0,855.0,684.0,858.0,,,851.0,857.0,691.0,850.0,,853.0,848.0,584.0,857.0,856.0,824.0,688.0,776.0,585.0,861.0,691.0,808.0,792.0,687.0,853.0,783.0,623.0,854.0,833.0,687.0,807.0,670.0,690.0,875.0,780.0,637.0,860.0,707.0,544.0,840.0,790.0,687.0,850.0,594.0,701.0,729.0,808.0,690.0,838.0,831.0,691.0,858.0,819.0,688.0,845.0,687.0,654.0,622.0,652.0,685.0,847.0,690.0,754.0,689.0,863.0,692.0,639.0,687.0,849.0,687.0,793.0,674.0,853.0,858.0,618.0,765.0,741.0,790.0,821.0,778.0,761.0,854.0,
2026-05-26T15:00,,651.0,802.0,666.0,,709.0,808.0,651.0,818.0,,,815.0,810.0,673.0,816.0,,,666.0,809.0,561.0,825.0,,,818.0,798.0,667.0,805.0,,,811.0,812.0,651.0,816.0,,,798.0,725.0,665.0,816.0,,,811.0,783.0,670.0,815.0,,,817.0,810.0,659.0,834.0,,,798.0,786.0,674.0,815.0,,,763.0,804.0,620.0,817.0,,,814.0,777.0,672.0,816.0,,,610.0,818.0,657.0,814.0,,,811.0,804.0,669.0,813.0,,,810.0,804.0,657.0,824.0,,,812.0,810.0,680.0,800.0,,,736.0,808.0,663.0,815.0,,,810.0,814.0,664.0,806.0,,811.0,803.0,559.0,816.0,813.0,795.0,666.0,789.0,500.0,816.0,671.0,727.0,781.0,666.0,808.0,681.0,602.0,816.0,791.0,663.0,713.0,577.0,669.0,830.0,748.0,612.0,816.0,660.0,539.0,803.0,706.0,666.0,798.0,510.0,679.0,735.0,787.0,670.0,792.0,771.0,671.0,824.0,754.0,666.0,809.0,665.0,575.0,593.0,582.0,663.0,807.0,668.0,675.0,662.0,819.0,664.0,555.0,666.0,807.0,660.0,692.0,669.0,813.0,815.0,552.0,669.0,716.0,734.0,746.0,658.0,693.0,807.0,
2026-05-26T16:00,,543.0,713.0,610.0,,672.0,716.0,594.0,720.0,,,730.0,721.0,616.0,730.0,,,559.0,724.0,524.0,740.0,,,723.0,710.0,611.0,720.0,,,723.0,720.0,598.0,720.0,,,705.0,650.0,610.0,730.0,,,726.0,694.0,614.0,730.0,,,728.0,721.0,587.0,720.0,,,706.0,683.0,617.0,730.0,,,676.0,717.0,572.0,730.0,,,721.0,682.0,615.0,730.0,,,507.0,729.0,602.0,720.0,,,725.0,716.0,613.0,730.0,,,725.0,714.0,601.0,730.0,,,726.0,720.0,622.0,690.0,,,618.0,717.0,606.0,730.0,,,725.0,723.0,599.0,720.0,,726.0,715.0,505.0,730.0,727.0,716.0,610.0,740.0,410.0,727.0,614.0,629.0,717.0,610.0,720.0,572.0,547.0,730.0,704.0,604.0,588.0,483.0,612.0,740.0,675.0,554.0,730.0,580.0,508.0,720.0,599.0,610.0,710.0,418.0,621.0,690.0,717.0,614.0,700.0,674.0,614.0,730.0,659.0,610.0,727.0,609.0,491.0,533.0,503.0,606.0,715.0,610.0,574.0,599.0,730.0,598.0,464.0,610.0,721.0,596.0,585.0,622.0,729.0,729.0,490.0,566.0,656.0,644.0,643.0,545.0,600.0,720.0,
2026-05-26T17:00,,443.0,592.0,524.0,,578.0,595.0,506.0,566.0,,,611.0,600.0,529.0,613.0,,,465.0,606.0,462.0,622.0,,,574.0,590.0,524.0,609.0,,,603.0,590.0,515.0,578.0,,,577.0,559.0,524.0,611.0,,,608.0,575.0,526.0,615.0,,,608.0,602.0,486.0,504.0,,,566.0,543.0,529.0,621.0,,,565.0,595.0,495.0,612.0,,,580.0,573.0,526.0,615.0,,,442.0,607.0,516.0,574.0,,,604.0,600.0,526.0,618.0,,,607.0,592.0,515.0,587.0,,,607.0,599.0,532.0,514.0,,,477.0,595.0,518.0,618.0,,,608.0,597.0,506.0,605.0,,607.0,595.0,426.0,613.0,608.0,595.0,523.0,631.0,325.0,606.0,527.0,539.0,603.0,524.0,605.0,478.0,463.0,610.0,579.0,514.0,447.0,408.0,524.0,621.0,569.0,469.0,616.0,471.0,449.0,600.0,487.0,524.0,605.0,323.0,532.0,599.0,604.0,527.0,573.0,553.0,527.0,576.0,552.0,523.0,609.0,523.0,420.0,448.0,433.0,517.0,575.0,521.0,463.0,507.0,607.0,503.0,381.0,522.0,602.0,504.0,498.0,539.0,611.0,610.0,455.0,478.0,566.0,528.0,528.0,472.0,498.0,610.0,
2026-05-26T18:00,,343.0,451.0,413.0,,450.0,453.0,398.0,391.0,,,469.0,458.0,417.0,472.0,,,367.0,464.0,374.0,479.0,,,408.0,449.0,413.0,474.0,,,462.0,440.0,408.0,418.0,,,431.0,448.0,414.0,468.0,,,467.0,437.0,415.0,476.0,,,467.0,460.0,370.0,277.0,,,408.0,387.0,417.0,487.0,,,435.0,451.0,394.0,470.0,,,421.0,446.0,414.0,476.0,,,377.0,463.0,406.0,409.0,,,462.0,462.0,415.0,481.0,,,466.0,449.0,406.0,424.0,,,467.0,457.0,418.0,329.0,,,332.0,452.0,408.0,481.0,,,467.0,450.0,393.0,468.0,,466.0,454.0,332.0,472.0,467.0,450.0,412.0,486.0,244.0,463.0,416.0,436.0,461.0,413.0,468.0,381.0,361.0,466.0,434.0,403.0,305.0,332.0,412.0,478.0,440.0,366.0,479.0,350.0,365.0,457.0,369.0,413.0,478.0,234.0,419.0,475.0,466.0,416.0,426.0,416.0,416.0,403.0,429.0,412.0,467.0,412.0,344.0,346.0,355.0,406.0,417.0,409.0,347.0,394.0,463.0,388.0,297.0,412.0,461.0,391.0,406.0,428.0,469.0,468.0,407.0,384.0,453.0,399.0,401.0,398.0,385.0,476.0,
2026-05-26T19:00,,238.0,297.0,290.0,,308.0,297.0,278.0,227.0,,,318.0,302.0,293.0,313.0,,,257.0,308.0,269.0,318.0,,,259.0,296.0,290.0,318.0,,,311.0,287.0,287.0,265.0,,,283.0,306.0,290.0,309.0,,,314.0,288.0,291.0,318.0,,,314.0,304.0,252.0,135.0,,,263.0,240.0,292.0,328.0,,,296.0,296.0,279.0,311.0,,,273.0,299.0,290.0,318.0,,,276.0,306.0,285.0,257.0,,,310.0,307.0,291.0,322.0,,,314.0,295.0,284.0,269.0,,,314.0,301.0,292.0,189.0,,,202.0,297.0,285.0,322.0,,,316.0,294.0,272.0,311.0,,313.0,299.0,230.0,313.0,314.0,295.0,289.0,322.0,169.0,307.0,291.0,301.0,309.0,290.0,311.0,266.0,251.0,307.0,287.0,281.0,189.0,237.0,289.0,318.0,299.0,254.0,320.0,233.0,263.0,301.0,249.0,290.0,324.0,161.0,294.0,322.0,314.0,292.0,277.0,277.0,291.0,249.0,292.0,289.0,314.0,289.0,246.0,239.0,251.0,284.0,269.0,286.0,233.0,273.0,310.0,267.0,210.0,288.0,310.0,271.0,286.0,290.0,317.0,316.0,305.0,271.0,316.0,268.0,270.0,289.0,263.0,320.0,
2026-05-26T20:00,,134.0,148.0,166.0,,167.0,145.0,159.0,90.0,,,169.0,150.0,167.0,155.0,,,143.0,155.0,157.0,157.0,,,137.0,148.0,166.0,157.0,,,164.0,146.0,165.0,133.0,,,147.0,154.0,166.0,153.0,,,166.0,144.0,166.0,157.0,,,166.0,151.0,141.0,72.0,,,140.0,114.0,167.0,162.0,,,161.0,147.0,161.0,154.0,,,147.0,150.0,166.0,157.0,,,153.0,154.0,163.0,129.0,,,164.0,153.0,166.0,159.0,,,166.0,147.0,163.0,134.0,,,166.0,150.0,167.0,98.0,,,96.0,148.0,163.0,159.0,,,166.0,146.0,154.0,154.0,,165.0,149.0,132.0,155.0,166.0,147.0,165.0,159.0,100.0,155.0,167.0,152.0,164.0,166.0,154.0,144.0,143.0,152.0,151.0,160.0,100.0,132.0,165.0,157.0,160.0,145.0,158.0,128.0,153.0,150.0,135.0,166.0,160.0,101.0,168.0,160.0,166.0,167.0,139.0,147.0,167.0,125.0,154.0,165.0,166.0,165.0,136.0,136.0,134.0,162.0,142.0,163.0,129.0,155.0,164.0,151.0,123.0,165.0,164.0,154.0,153.0,144.0,167.0,166.0,167.0,149.0,170.0,146.0,144.0,158.0,142.0,158.0,
2026-05-26T21:00,,44.0,39.0,54.0,,50.0,37.0,52.0,13.0,,,51.0,39.0,55.0,40.0,,,45.0,42.0,51.0,40.0,,,43.0,39.0,54.0,40.0,,,48.0,40.0,54.0,37.0,,,42.0,40.0,54.0,40.0,,,49.0,38.0,54.0,40.0,,,49.0,40.0,47.0,28.0,,,43.0,29.0,55.0,41.0,,,50.0,39.0,53.0,40.0,,,46.0,39.0,54.0,40.0,,,47.0,42.0,53.0,36.0,,,48.0,40.0,54.0,41.0,,,49.0,39.0,53.0,37.0,,,49.0,39.0,54.0,32.0,,,24.0,39.0,53.0,41.0,,,49.0,39.0,51.0,40.0,,49.0,39.0,44.0,40.0,49.0,39.0,54.0,41.0,35.0,42.0,54.0,40.0,48.0,54.0,40.0,44.0,47.0,40.0,45.0,52.0,32.0,42.0,54.0,40.0,48.0,48.0,41.0,41.0,50.0,39.0,42.0,54.0,41.0,39.0,55.0,41.0,49.0,55.0,38.0,44.0,54.0,36.0,45.0,54.0,49.0,54.0,43.0,45.0,39.0,53.0,43.0,53.0,41.0,51.0,48.0,50.0,42.0,54.0,48.0,50.0,45.0,37.0,49.0,49.0,49.0,46.0,51.0,46.0,44.0,48.0,43.0,41.0,
2026-05-26T22:00,,0.0,0.0,0.0,,0.0,0.0,0.0,0.0,,,0.0,0.0,0.0,0.0,,,0.0,0.0,0.0,0.0,,,0.0,0.0,0.0,0.0,,,0.0,0.0,0.0,0.0,,,0.0,0.0,0.0,0.0,,,0.0,0.0,0.0,0.0,,,0.0,0.0,0.0,0.0,,,0.0,0.0,0.0,0.0,,,0.0,0.0,0.0,0.0,,,0.0,0.0,0.0,0.0,,,0.0,0.0,0.0,0.0,,,0.0,0.0,0.0,0.0,,,0.0,0.0,0.0,0.0,,,0.0,0.0,0.0,0.0,,,0.0,0.0,0.0,0.0,,,0.0,0.0,0.0,0.0,,0.0,0.0,0.0,0.0,0.0,0.0,0.0,0.0,0.0,0.0,0.0,0.0,0.0,0.0,0.0,0.0,0.0,0.0,0.0,0.0,0.0,0.0,0.0,0.0,0.0,0.0,0.0,0.0,0.0,0.0,0.0,0.0,0.0,0.0,0.0,0.0,0.0,0.0,0.0,0.0,0.0,0.0,0.0,0.0,0.0,0.0,0.0,0.0,0.0,0.0,0.0,0.0,0.0,0.0,0.0,0.0,0.0,0.0,0.0,0.0,0.0,0.0,0.0,0.0,0.0,0.0,0.0,0.0,0.0,0.0,0.0,0.0,
2026-05-26T23:00,,0.0,0.0,0.0,,0.0,0.0,0.0,0.0,,,0.0,0.0,0.0,0.0,,,0.0,0.0,0.0,0.0,,,0.0,0.0,0.0,0.0,,,0.0,0.0,0.0,0.0,,,0.0,0.0,0.0,0.0,,,0.0,0.0,0.0,0.0,,,0.0,0.0,0.0,0.0,,,0.0,0.0,0.0,0.0,,,0.0,0.0,0.0,0.0,,,0.0,0.0,0.0,0.0,,,0.0,0.0,0.0,0.0,,,0.0,0.0,0.0,0.0,,,0.0,0.0,0.0,0.0,,,0.0,0.0,0.0,0.0,,,0.0,0.0,0.0,0.0,,,0.0,0.0,0.0,0.0,,0.0,0.0,0.0,0.0,0.0,0.0,0.0,0.0,0.0,0.0,0.0,0.0,0.0,0.0,0.0,0.0,0.0,0.0,0.0,0.0,0.0,0.0,0.0,0.0,0.0,0.0,0.0,0.0,0.0,0.0,0.0,0.0,0.0,0.0,0.0,0.0,0.0,0.0,0.0,0.0,0.0,0.0,0.0,0.0,0.0,0.0,0.0,0.0,0.0,0.0,0.0,0.0,0.0,0.0,0.0,0.0,0.0,0.0,0.0,0.0,0.0,0.0,0.0,0.0,0.0,0.0,0.0,0.0,0.0,0.0,0.0,0.0,
2026-05-27T00:00,,0.0,0.0,0.0,,0.0,0.0,0.0,0.0,,,0.0,0.0,0.0,0.0,,,0.0,0.0,0.0,0.0,,,0.0,0.0,0.0,0.0,,,0.0,0.0,0.0,0.0,,,0.0,0.0,0.0,0.0,,,0.0,0.0,0.0,0.0,,,0.0,0.0,0.0,0.0,,,0.0,0.0,0.0,0.0,,,0.0,0.0,0.0,0.0,,,0.0,0.0,0.0,0.0,,,0.0,0.0,0.0,0.0,,,0.0,0.0,0.0,0.0,,,0.0,0.0,0.0,0.0,,,0.0,0.0,0.0,0.0,,,0.0,0.0,0.0,0.0,,,0.0,0.0,0.0,0.0,,0.0,0.0,0.0,0.0,0.0,0.0,0.0,0.0,0.0,0.0,0.0,0.0,0.0,0.0,0.0,0.0,0.0,0.0,0.0,0.0,0.0,0.0,0.0,0.0,0.0,0.0,0.0,0.0,0.0,0.0,0.0,0.0,0.0,0.0,0.0,0.0,0.0,0.0,0.0,0.0,0.0,0.0,0.0,0.0,0.0,0.0,0.0,0.0,0.0,0.0,0.0,0.0,0.0,0.0,0.0,0.0,0.0,0.0,0.0,0.0,0.0,0.0,0.0,0.0,0.0,0.0,0.0,0.0,0.0,0.0,0.0,0.0,
2026-05-27T01:00,,0.0,0.0,0.0,,0.0,0.0,0.0,0.0,,,0.0,0.0,0.0,0.0,,,0.0,0.0,0.0,0.0,,,0.0,0.0,0.0,0.0,,,0.0,0.0,0.0,0.0,,,0.0,0.0,0.0,0.0,,,0.0,0.0,0.0,0.0,,,0.0,0.0,0.0,0.0,,,0.0,0.0,0.0,0.0,,,0.0,0.0,0.0,0.0,,,0.0,0.0,0.0,0.0,,,0.0,0.0,0.0,0.0,,,0.0,0.0,0.0,0.0,,,0.0,0.0,0.0,0.0,,,0.0,0.0,0.0,0.0,,,0.0,0.0,0.0,0.0,,,0.0,0.0,0.0,0.0,,0.0,0.0,0.0,0.0,0.0,0.0,0.0,0.0,0.0,0.0,0.0,0.0,0.0,0.0,0.0,0.0,0.0,0.0,0.0,0.0,0.0,0.0,0.0,0.0,0.0,0.0,0.0,0.0,0.0,0.0,0.0,0.0,0.0,0.0,0.0,0.0,0.0,0.0,0.0,0.0,0.0,0.0,0.0,0.0,0.0,0.0,0.0,0.0,0.0,0.0,0.0,0.0,0.0,0.0,0.0,0.0,0.0,0.0,0.0,0.0,0.0,0.0,0.0,0.0,0.0,0.0,0.0,0.0,0.0,0.0,0.0,0.0,
2026-05-27T02:00,,0.0,0.0,0.0,,0.0,0.0,0.0,0.0,,,0.0,0.0,0.0,0.0,,,0.0,0.0,0.0,0.0,,,0.0,0.0,0.0,0.0,,,0.0,0.0,0.0,0.0,,,0.0,0.0,0.0,0.0,,,0.0,0.0,0.0,0.0,,,0.0,0.0,0.0,0.0,,,0.0,0.0,0.0,0.0,,,0.0,0.0,0.0,0.0,,,0.0,0.0,0.0,0.0,,,0.0,0.0,0.0,0.0,,,0.0,0.0,0.0,0.0,,,0.0,0.0,0.0,0.0,,,0.0,0.0,0.0,0.0,,,0.0,0.0,0.0,0.0,,,0.0,0.0,0.0,0.0,,0.0,0.0,0.0,0.0,0.0,0.0,0.0,0.0,0.0,0.0,0.0,0.0,0.0,0.0,0.0,0.0,0.0,0.0,0.0,0.0,0.0,0.0,0.0,0.0,0.0,0.0,0.0,0.0,0.0,0.0,0.0,0.0,0.0,0.0,0.0,0.0,0.0,0.0,0.0,0.0,0.0,0.0,0.0,0.0,0.0,0.0,0.0,0.0,0.0,0.0,0.0,0.0,0.0,0.0,0.0,0.0,0.0,0.0,0.0,0.0,0.0,0.0,0.0,0.0,0.0,0.0,0.0,0.0,0.0,0.0,0.0,0.0,
2026-05-27T03:00,,0.0,0.0,0.0,,0.0,0.0,0.0,0.0,,,0.0,0.0,0.0,0.0,,,0.0,0.0,0.0,0.0,,,0.0,0.0,0.0,0.0,,,0.0,0.0,0.0,0.0,,,0.0,0.0,0.0,0.0,,,0.0,0.0,0.0,0.0,,,0.0,0.0,0.0,0.0,,,0.0,0.0,0.0,0.0,,,0.0,0.0,0.0,0.0,,,0.0,0.0,0.0,0.0,,,0.0,0.0,0.0,0.0,,,0.0,0.0,0.0,0.0,,,0.0,0.0,0.0,0.0,,,0.0,0.0,0.0,0.0,,,0.0,0.0,0.0,0.0,,,0.0,0.0,0.0,0.0,,0.0,0.0,0.0,0.0,0.0,0.0,0.0,0.0,0.0,0.0,0.0,0.0,0.0,0.0,0.0,0.0,0.0,0.0,0.0,0.0,0.0,0.0,0.0,0.0,0.0,0.0,0.0,0.0,0.0,0.0,0.0,0.0,0.0,0.0,0.0,0.0,0.0,0.0,0.0,0.0,0.0,0.0,0.0,0.0,0.0,0.0,0.0,0.0,0.0,0.0,0.0,0.0,0.0,0.0,0.0,0.0,0.0,0.0,0.0,0.0,0.0,0.0,0.0,0.0,0.0,0.0,0.0,0.0,0.0,0.0,0.0,0.0,
2026-05-27T04:00,,0.0,0.0,0.0,,0.0,0.0,0.0,0.0,,,0.0,0.0,0.0,0.0,,,0.0,0.0,0.0,0.0,,,0.0,0.0,0.0,0.0,,,0.0,0.0,0.0,0.0,,,0.0,0.0,0.0,0.0,,,0.0,0.0,0.0,0.0,,,0.0,0.0,0.0,0.0,,,0.0,0.0,0.0,0.0,,,0.0,0.0,0.0,0.0,,,0.0,0.0,0.0,0.0,,,0.0,0.0,0.0,0.0,,,0.0,0.0,0.0,0.0,,,0.0,0.0,0.0,0.0,,,0.0,0.0,0.0,0.0,,,0.0,0.0,0.0,0.0,,,0.0,0.0,0.0,0.0,,0.0,0.0,0.0,0.0,0.0,0.0,0.0,0.0,0.0,0.0,0.0,0.0,0.0,0.0,0.0,0.0,0.0,0.0,0.0,0.0,0.0,0.0,0.0,0.0,0.0,0.0,0.0,0.0,0.0,0.0,0.0,0.0,0.0,0.0,0.0,0.0,0.0,0.0,0.0,0.0,0.0,0.0,0.0,0.0,0.0,0.0,0.0,0.0,0.0,0.0,0.0,0.0,0.0,0.0,0.0,0.0,0.0,0.0,0.0,0.0,0.0,0.0,0.0,0.0,0.0,0.0,0.0,0.0,0.0,0.0,0.0,0.0,
2026-05-27T05:00,,0.0,0.0,0.0,,0.0,0.0,0.0,0.0,,,0.0,0.0,0.0,0.0,,,0.0,0.0,0.0,0.0,,,0.0,0.0,0.0,0.0,,,0.0,0.0,0.0,0.0,,,0.0,0.0,0.0,0.0,,,0.0,0.0,0.0,0.0,,,0.0,0.0,0.0,0.0,,,0.0,0.0,0.0,0.0,,,0.0,0.0,0.0,0.0,,,0.0,0.0,0.0,0.0,,,0.0,0.0,0.0,0.0,,,0.0,0.0,0.0,0.0,,,0.0,0.0,0.0,0.0,,,0.0,0.0,0.0,0.0,,,0.0,0.0,0.0,0.0,,,0.0,0.0,0.0,0.0,,0.0,0.0,0.0,0.0,0.0,0.0,0.0,0.0,0.0,0.0,0.0,0.0,0.0,0.0,0.0,0.0,0.0,0.0,0.0,0.0,0.0,0.0,0.0,0.0,0.0,0.0,0.0,0.0,0.0,0.0,0.0,0.0,0.0,0.0,0.0,0.0,0.0,0.0,0.0,0.0,0.0,0.0,0.0,0.0,0.0,0.0,0.0,0.0,0.0,0.0,0.0,0.0,0.0,0.0,0.0,0.0,0.0,0.0,0.0,0.0,0.0,0.0,0.0,0.0,0.0,0.0,0.0,0.0,0.0,0.0,0.0,0.0,
2026-05-27T06:00,,51.0,55.0,45.0,,49.0,52.0,45.0,51.0,,,48.0,37.0,50.0,50.0,,,48.0,55.0,49.0,51.0,,,50.0,57.0,50.0,44.0,,,49.0,55.0,51.0,51.0,,,48.0,39.0,51.0,52.0,,,51.0,55.0,50.0,49.0,,,48.0,54.0,49.0,33.0,,,48.0,53.0,50.0,48.0,,,47.0,52.0,51.0,52.0,,,50.0,45.0,51.0,52.0,,,46.0,53.0,51.0,20.0,,,50.0,55.0,52.0,50.0,,,48.0,50.0,51.0,48.0,,,49.0,55.0,50.0,52.0,,,49.0,53.0,50.0,48.0,,,47.0,55.0,52.0,52.0,,48.0,54.0,47.0,51.0,47.0,53.0,50.0,51.0,50.0,51.0,50.0,51.0,49.0,50.0,52.0,42.0,51.0,32.0,50.0,51.0,51.0,50.0,50.0,50.0,50.0,52.0,48.0,46.0,51.0,51.0,48.0,51.0,15.0,49.0,51.0,52.0,46.0,51.0,17.0,41.0,41.0,48.0,48.0,52.0,48.0,51.0,51.0,51.0,50.0,51.0,50.0,48.0,48.0,47.0,49.0,50.0,51.0,50.0,48.0,51.0,51.0,51.0,48.0,47.0,50.0,51.0,50.0,50.0,49.0,50.0,50.0,51.0,
2026-05-27T07:00,,164.0,178.0,145.0,,160.0,168.0,144.0,166.0,,,157.0,119.0,159.0,164.0,,,157.0,179.0,158.0,166.0,,,164.0,183.0,159.0,145.0,,,159.0,178.0,163.0,166.0,,,156.0,130.0,163.0,168.0,,,164.0,177.0,160.0,160.0,,,157.0,174.0,159.0,101.0,,,155.0,171.0,160.0,159.0,,,153.0,170.0,163.0,168.0,,,162.0,146.0,165.0,168.0,,,151.0,173.0,163.0,63.0,,,163.0,179.0,167.0,162.0,,,156.0,164.0,163.0,153.0,,,159.0,177.0,161.0,168.0,,,160.0,173.0,162.0,157.0,,,155.0,179.0,168.0,168.0,,157.0,176.0,149.0,166.0,152.0,171.0,162.0,166.0,164.0,166.0,160.0,162.0,160.0,162.0,168.0,132.0,164.0,105.0,163.0,163.0,166.0,160.0,161.0,164.0,163.0,168.0,159.0,148.0,164.0,166.0,158.0,165.0,50.0,158.0,165.0,164.0,151.0,164.0,53.0,137.0,132.0,159.0,155.0,167.0,157.0,163.0,162.0,164.0,162.0,164.0,160.0,154.0,156.0,152.0,160.0,161.0,164.0,162.0,157.0,162.0,166.0,164.0,159.0,154.0,161.0,161.0,160.0,164.0,159.0,161.0,162.0,166.0,
2026-05-27T08:00,,294.0,320.0,249.0,,285.0,305.0,248.0,306.0,,,287.0,212.0,274.0,301.0,,,285.0,322.0,270.0,306.0,,,299.0,328.0,273.0,277.0,,,291.0,322.0,280.0,305.0,,,284.0,252.0,280.0,308.0,,,298.0,318.0,274.0,293.0,,,289.0,315.0,273.0,144.0,,,267.0,307.0,275.0,294.0,,,283.0,309.0,279.0,308.0,,,298.0,264.0,283.0,308.0,,,272.0,314.0,279.0,104.0,,,300.0,321.0,286.0,299.0,,,286.0,299.0,280.0,260.0,,,291.0,319.0,276.0,308.0,,,284.0,314.0,279.0,290.0,,,285.0,323.0,288.0,308.0,,288.0,319.0,256.0,294.0,262.0,309.0,278.0,304.0,301.0,299.0,275.0,255.0,296.0,278.0,304.0,207.0,281.0,182.0,300.0,280.0,304.0,277.0,277.0,301.0,299.0,289.0,294.0,253.0,281.0,306.0,286.0,283.0,85.0,271.0,283.0,258.0,268.0,281.0,93.0,266.0,226.0,294.0,255.0,286.0,288.0,279.0,279.0,280.0,298.0,282.0,270.0,264.0,278.0,262.0,295.0,276.0,294.0,278.0,287.0,279.0,301.0,292.0,292.0,283.0,293.0,262.0,277.0,299.0,289.0,284.0,299.0,306.0,
2026-05-27T09:00,,437.0,477.0,351.0,,424.0,459.0,349.0,468.0,,,440.0,315.0,385.0,461.0,,,431.0,480.0,379.0,468.0,,,453.0,487.0,384.0,446.0,,,445.0,483.0,394.0,468.0,,,434.0,410.0,394.0,469.0,,,450.0,473.0,385.0,446.0,,,444.0,472.0,383.0,151.0,,,381.0,457.0,386.0,456.0,,,438.0,467.0,392.0,469.0,,,456.0,399.0,398.0,469.0,,,410.0,472.0,393.0,136.0,,,459.0,478.0,402.0,459.0,,,441.0,452.0,394.0,363.0,,,445.0,475.0,388.0,470.0,,,416.0,474.0,392.0,449.0,,,438.0,484.0,405.0,470.0,,444.0,479.0,360.0,429.0,372.0,463.0,391.0,462.0,461.0,448.0,387.0,317.0,456.0,391.0,457.0,254.0,394.0,264.0,459.0,393.0,462.0,391.0,390.0,461.0,457.0,405.0,456.0,354.0,394.0,468.0,431.0,397.0,123.0,381.0,398.0,316.0,396.0,395.0,132.0,435.0,318.0,456.0,339.0,402.0,441.0,392.0,392.0,394.0,455.0,396.0,373.0,370.0,414.0,368.0,454.0,388.0,438.0,390.0,438.0,392.0,454.0,429.0,451.0,436.0,443.0,339.0,391.0,454.0,439.0,413.0,458.0,469.0,
2026-05-27T10:00,,578.0,628.0,443.0,,561.0,603.0,440.0,628.0,,,586.0,431.0,485.0,618.0,,,564.0,632.0,477.0,628.0,,,601.0,639.0,484.0,618.0,,,596.0,639.0,496.0,628.0,,,582.0,574.0,496.0,628.0,,,590.0,621.0,486.0,597.0,,,599.0,625.0,483.0,172.0,,,494.0,603.0,486.0,618.0,,,578.0,621.0,494.0,628.0,,,611.0,540.0,501.0,628.0,,,546.0,626.0,495.0,172.0,,,615.0,629.0,507.0,618.0,,,594.0,600.0,496.0,466.0,,,598.0,627.0,489.0,628.0,,,528.0,629.0,494.0,607.0,,,590.0,639.0,510.0,628.0,,598.0,633.0,452.0,557.0,473.0,612.0,492.0,618.0,613.0,592.0,487.0,385.0,613.0,492.0,607.0,283.0,496.0,364.0,617.0,496.0,618.0,498.0,491.0,618.0,612.0,510.0,618.0,449.0,495.0,628.0,577.0,500.0,192.0,474.0,501.0,354.0,528.0,497.0,172.0,607.0,402.0,618.0,431.0,507.0,593.0,494.0,503.0,495.0,608.0,499.0,476.0,467.0,549.0,464.0,610.0,489.0,578.0,492.0,588.0,493.0,603.0,561.0,608.0,589.0,585.0,409.0,496.0,605.0,587.0,535.0,614.0,628.0,
2026-05-27T11:00,,702.0,748.0,519.0,,681.0,702.0,515.0,753.0,,,695.0,584.0,567.0,743.0,,,652.0,752.0,556.0,753.0,,,717.0,760.0,566.0,751.0,,,717.0,764.0,579.0,755.0,,,704.0,707.0,580.0,755.0,,,682.0,735.0,568.0,720.0,,,725.0,747.0,565.0,287.0,,,613.0,729.0,569.0,749.0,,,654.0,741.0,577.0,755.0,,,736.0,679.0,586.0,753.0,,,664.0,749.0,578.0,230.0,,,740.0,749.0,592.0,745.0,,,719.0,718.0,580.0,579.0,,,723.0,750.0,572.0,756.0,,,576.0,753.0,578.0,735.0,,,715.0,760.0,596.0,751.0,,725.0,754.0,528.0,660.0,549.0,733.0,576.0,741.0,731.0,713.0,570.0,524.0,741.0,576.0,734.0,311.0,579.0,523.0,742.0,579.0,744.0,592.0,574.0,743.0,737.0,595.0,748.0,542.0,577.0,753.0,704.0,585.0,339.0,526.0,586.0,392.0,664.0,581.0,206.0,739.0,472.0,746.0,571.0,592.0,717.0,578.0,616.0,578.0,730.0,583.0,603.0,547.0,672.0,543.0,737.0,572.0,699.0,575.0,711.0,577.0,729.0,674.0,737.0,716.0,690.0,497.0,587.0,729.0,708.0,636.0,737.0,750.0,
2026-05-27T12:00,,799.0,832.0,573.0,,775.0,753.0,569.0,837.0,,,762.0,750.0,626.0,831.0,,,689.0,834.0,613.0,837.0,,,794.0,844.0,625.0,841.0,,,800.0,850.0,639.0,843.0,,,791.0,802.0,640.0,843.0,,,724.0,810.0,627.0,807.0,,,815.0,831.0,624.0,474.0,,,725.0,825.0,628.0,843.0,,,666.0,823.0,636.0,843.0,,,824.0,804.0,646.0,840.0,,,755.0,835.0,638.0,301.0,,,827.0,833.0,653.0,834.0,,,809.0,799.0,639.0,693.0,,,811.0,838.0,631.0,845.0,,,566.0,840.0,636.0,825.0,,,805.0,841.0,657.0,833.0,,815.0,836.0,583.0,734.0,601.0,818.0,635.0,826.0,804.0,802.0,629.0,710.0,830.0,635.0,829.0,333.0,638.0,714.0,829.0,639.0,835.0,667.0,633.0,831.0,825.0,655.0,841.0,622.0,635.0,839.0,804.0,645.0,541.0,540.0,647.0,427.0,789.0,641.0,236.0,825.0,522.0,835.0,739.0,652.0,806.0,637.0,721.0,637.0,811.0,643.0,736.0,604.0,773.0,599.0,826.0,631.0,791.0,634.0,798.0,636.0,822.0,759.0,828.0,809.0,752.0,593.0,655.0,816.0,795.0,712.0,820.0,831.0,
2026-05-27T13:00,,856.0,873.0,601.0,,824.0,778.0,598.0,879.0,,,784.0,839.0,656.0,877.0,,,674.0,870.0,642.0,881.0,,,834.0,886.0,656.0,887.0,,,844.0,894.0,669.0,887.0,,,841.0,850.0,671.0,889.0,,,742.0,849.0,658.0,855.0,,,863.0,873.0,654.0,642.0,,,793.0,877.0,659.0,893.0,,,633.0,863.0,666.0,889.0,,,869.0,881.0,677.0,885.0,,,797.0,879.0,669.0,351.0,,,872.0,874.0,685.0,881.0,,,858.0,840.0,670.0,778.0,,,859.0,883.0,662.0,875.0,,,557.0,884.0,666.0,875.0,,,849.0,880.0,689.0,875.0,,865.0,875.0,612.0,782.0,642.0,860.0,666.0,869.0,823.0,849.0,660.0,849.0,870.0,666.0,881.0,349.0,668.0,839.0,875.0,670.0,881.0,718.0,664.0,877.0,871.0,687.0,889.0,670.0,665.0,883.0,863.0,677.0,711.0,548.0,678.0,461.0,869.0,672.0,276.0,869.0,551.0,881.0,859.0,683.0,854.0,668.0,793.0,668.0,847.0,674.0,810.0,634.0,832.0,629.0,873.0,662.0,845.0,666.0,846.0,668.0,864.0,807.0,877.0,861.0,776.0,666.0,686.0,863.0,841.0,756.0,862.0,873.0,
2026-05-27T14:00,,864.0,871.0,601.0,,815.0,796.0,599.0,881.0,,,758.0,783.0,657.0,881.0,,,592.0,857.0,642.0,885.0,,,843.0,886.0,657.0,891.0,,,846.0,894.0,669.0,888.0,,,849.0,843.0,671.0,893.0,,,757.0,855.0,659.0,861.0,,,868.0,872.0,655.0,741.0,,,797.0,879.0,661.0,897.0,,,556.0,861.0,667.0,892.0,,,871.0,890.0,677.0,890.0,,,769.0,879.0,669.0,353.0,,,875.0,872.0,685.0,883.0,,,864.0,839.0,671.0,822.0,,,865.0,884.0,663.0,824.0,,,597.0,884.0,665.0,883.0,,,838.0,879.0,689.0,878.0,,871.0,868.0,614.0,812.0,692.0,855.0,667.0,866.0,771.0,849.0,661.0,881.0,854.0,667.0,884.0,364.0,669.0,836.0,878.0,671.0,883.0,746.0,665.0,880.0,874.0,687.0,889.0,673.0,665.0,888.0,872.0,677.0,794.0,577.0,679.0,508.0,882.0,673.0,338.0,873.0,554.0,883.0,885.0,681.0,857.0,669.0,819.0,669.0,829.0,675.0,780.0,636.0,840.0,630.0,877.0,663.0,854.0,667.0,851.0,669.0,838.0,813.0,880.0,867.0,764.0,705.0,669.0,867.0,838.0,774.0,865.0,880.0,
2026-05-27T15:00,,823.0,824.0,574.0,,756.0,788.0,574.0,837.0,,,689.0,638.0,627.0,838.0,,,471.0,797.0,613.0,845.0,,,812.0,841.0,627.0,847.0,,,805.0,848.0,637.0,842.0,,,814.0,784.0,641.0,849.0,,,749.0,821.0,630.0,823.0,,,826.0,825.0,625.0,782.0,,,748.0,830.0,632.0,851.0,,,450.0,815.0,637.0,848.0,,,827.0,839.0,646.0,848.0,,,691.0,833.0,639.0,324.0,,,831.0,825.0,654.0,838.0,,,824.0,795.0,641.0,821.0,,,825.0,838.0,633.0,716.0,,,644.0,838.0,632.0,845.0,,,779.0,833.0,658.0,836.0,,830.0,816.0,588.0,809.0,726.0,803.0,637.0,818.0,668.0,802.0,631.0,839.0,786.0,637.0,839.0,371.0,639.0,742.0,834.0,641.0,837.0,742.0,635.0,837.0,831.0,656.0,840.0,636.0,634.0,848.0,832.0,646.0,806.0,602.0,649.0,549.0,837.0,643.0,401.0,830.0,534.0,838.0,840.0,647.0,813.0,639.0,799.0,640.0,764.0,645.0,682.0,609.0,797.0,602.0,835.0,634.0,818.0,637.0,810.0,639.0,759.0,776.0,835.0,826.0,714.0,707.0,614.0,826.0,790.0,756.0,823.0,844.0,
2026-05-27T16:00,,738.0,734.0,522.0,,670.0,725.0,524.0,750.0,,,599.0,488.0,569.0,750.0,,,374.0,700.0,557.0,760.0,,,733.0,750.0,570.0,760.0,,,721.0,756.0,577.0,750.0,,,733.0,691.0,584.0,760.0,,,695.0,739.0,573.0,740.0,,,740.0,734.0,567.0,750.0,,,651.0,737.0,576.0,760.0,,,369.0,725.0,578.0,760.0,,,739.0,744.0,585.0,760.0,,,601.0,741.0,580.0,294.0,,,744.0,734.0,594.0,750.0,,,740.0,707.0,582.0,760.0,,,737.0,747.0,575.0,608.0,,,637.0,747.0,570.0,760.0,,,686.0,744.0,598.0,750.0,,744.0,726.0,536.0,750.0,693.0,708.0,579.0,730.0,567.0,711.0,574.0,750.0,684.0,580.0,750.0,355.0,581.0,598.0,747.0,582.0,740.0,692.0,576.0,750.0,744.0,596.0,750.0,568.0,576.0,760.0,746.0,587.0,750.0,581.0,589.0,537.0,747.0,584.0,426.0,743.0,490.0,750.0,748.0,584.0,727.0,580.0,730.0,583.0,672.0,586.0,571.0,555.0,706.0,547.0,748.0,577.0,731.0,580.0,726.0,582.0,660.0,698.0,746.0,741.0,634.0,651.0,537.0,740.0,706.0,684.0,739.0,760.0,
2026-05-27T17:00,,614.0,614.0,448.0,,572.0,610.0,453.0,637.0,,,498.0,367.0,488.0,631.0,,,326.0,582.0,478.0,648.0,,,610.0,628.0,489.0,639.0,,,599.0,633.0,494.0,627.0,,,613.0,581.0,502.0,642.0,,,593.0,620.0,492.0,628.0,,,618.0,611.0,487.0,645.0,,,506.0,613.0,495.0,640.0,,,341.0,603.0,496.0,646.0,,,616.0,621.0,501.0,641.0,,,524.0,618.0,497.0,277.0,,,622.0,613.0,509.0,635.0,,,619.0,587.0,499.0,639.0,,,604.0,623.0,494.0,537.0,,,563.0,625.0,485.0,645.0,,,573.0,624.0,513.0,627.0,,617.0,614.0,462.0,642.0,578.0,581.0,497.0,621.0,490.0,589.0,493.0,637.0,557.0,499.0,637.0,309.0,499.0,412.0,626.0,499.0,603.0,594.0,494.0,634.0,624.0,511.0,630.0,470.0,493.0,641.0,620.0,503.0,639.0,509.0,506.0,467.0,629.0,500.0,413.0,618.0,426.0,638.0,625.0,496.0,606.0,498.0,616.0,502.0,564.0,502.0,466.0,478.0,569.0,469.0,628.0,497.0,596.0,498.0,604.0,500.0,558.0,585.0,622.0,619.0,527.0,529.0,450.0,617.0,594.0,557.0,618.0,643.0,
2026-05-27T18:00,,469.0,472.0,357.0,,456.0,466.0,364.0,498.0,,,387.0,258.0,389.0,487.0,,,287.0,446.0,382.0,509.0,,,465.0,482.0,390.0,495.0,,,458.0,486.0,392.0,480.0,,,470.0,453.0,402.0,498.0,,,464.0,476.0,394.0,490.0,,,475.0,467.0,388.0,496.0,,,351.0,466.0,397.0,496.0,,,315.0,460.0,395.0,506.0,,,472.0,476.0,398.0,496.0,,,435.0,473.0,397.0,249.0,,,478.0,470.0,406.0,496.0,,,477.0,447.0,398.0,486.0,,,452.0,477.0,394.0,457.0,,,452.0,480.0,383.0,502.0,,,443.0,482.0,409.0,482.0,,469.0,481.0,371.0,500.0,430.0,435.0,396.0,489.0,410.0,446.0,394.0,496.0,417.0,399.0,498.0,249.0,399.0,230.0,483.0,398.0,446.0,467.0,394.0,494.0,482.0,408.0,488.0,359.0,393.0,496.0,472.0,401.0,489.0,407.0,404.0,363.0,486.0,399.0,361.0,472.0,345.0,500.0,477.0,392.0,464.0,397.0,475.0,402.0,442.0,401.0,359.0,383.0,415.0,374.0,484.0,398.0,441.0,398.0,461.0,399.0,445.0,451.0,476.0,475.0,406.0,382.0,353.0,473.0,463.0,409.0,475.0,498.0,
2026-05-27T19:00,,322.0,314.0,257.0,,324.0,308.0,264.0,334.0,,,274.0,158.0,280.0,324.0,,,227.0,296.0,275.0,342.0,,,319.0,321.0,281.0,342.0,,,317.0,326.0,281.0,318.0,,,324.0,304.0,291.0,332.0,,,325.0,317.0,284.0,328.0,,,326.0,309.0,279.0,340.0,,,231.0,308.0,286.0,330.0,,,243.0,303.0,284.0,340.0,,,324.0,318.0,286.0,330.0,,,314.0,312.0,285.0,189.0,,,326.0,312.0,292.0,332.0,,,329.0,293.0,286.0,332.0,,,307.0,318.0,283.0,326.0,,,323.0,320.0,272.0,336.0,,,307.0,323.0,294.0,332.0,,323.0,326.0,268.0,334.0,291.0,285.0,285.0,330.0,304.0,293.0,284.0,332.0,285.0,288.0,334.0,186.0,287.0,117.0,330.0,286.0,287.0,328.0,283.0,330.0,328.0,293.0,338.0,253.0,282.0,330.0,324.0,288.0,322.0,286.0,290.0,245.0,327.0,287.0,263.0,326.0,252.0,336.0,324.0,279.0,320.0,286.0,328.0,290.0,312.0,288.0,252.0,277.0,278.0,269.0,328.0,288.0,298.0,287.0,317.0,288.0,318.0,310.0,329.0,327.0,284.0,256.0,248.0,326.0,325.0,274.0,329.0,332.0,
2026-05-27T20:00,,183.0,158.0,154.0,,186.0,155.0,159.0,164.0,,,164.0,73.0,168.0,159.0,,,147.0,148.0,164.0,168.0,,,182.0,160.0,168.0,192.0,,,184.0,167.0,167.0,156.0,,,184.0,152.0,175.0,163.0,,,185.0,159.0,171.0,161.0,,,182.0,155.0,167.0,191.0,,,145.0,155.0,172.0,162.0,,,135.0,150.0,170.0,167.0,,,182.0,161.0,171.0,162.0,,,175.0,154.0,171.0,106.0,,,177.0,157.0,175.0,163.0,,,186.0,144.0,171.0,187.0,,,179.0,161.0,170.0,163.0,,,188.0,160.0,161.0,165.0,,,175.0,164.0,176.0,187.0,,186.0,166.0,162.0,164.0,170.0,145.0,171.0,163.0,181.0,146.0,170.0,163.0,167.0,173.0,164.0,123.0,172.0,66.0,179.0,171.0,143.0,187.0,169.0,162.0,176.0,176.0,190.0,157.0,169.0,162.0,184.0,172.0,158.0,160.0,174.0,127.0,168.0,172.0,138.0,187.0,154.0,165.0,176.0,165.0,182.0,171.0,186.0,175.0,183.0,173.0,149.0,167.0,164.0,161.0,173.0,173.0,175.0,172.0,181.0,173.0,185.0,174.0,189.0,185.0,168.0,154.0,143.0,185.0,188.0,160.0,189.0,163.0,
2026-05-27T21:00,,62.0,43.0,55.0,,62.0,42.0,57.0,42.0,,,59.0,18.0,60.0,41.0,,,57.0,39.0,59.0,42.0,,,62.0,43.0,60.0,63.0,,,64.0,48.0,60.0,41.0,,,62.0,40.0,63.0,42.0,,,62.0,43.0,61.0,42.0,,,60.0,42.0,60.0,63.0,,,58.0,42.0,62.0,42.0,,,41.0,40.0,61.0,42.0,,,60.0,45.0,61.0,42.0,,,56.0,40.0,61.0,33.0,,,56.0,43.0,62.0,42.0,,,63.0,37.0,61.0,63.0,,,63.0,45.0,61.0,42.0,,,65.0,43.0,57.0,42.0,,,59.0,45.0,63.0,63.0,,64.0,46.0,58.0,42.0,60.0,41.0,61.0,42.0,64.0,39.0,61.0,42.0,60.0,62.0,42.0,50.0,62.0,27.0,56.0,61.0,39.0,63.0,61.0,42.0,54.0,63.0,63.0,60.0,60.0,42.0,62.0,62.0,41.0,52.0,62.0,36.0,48.0,61.0,38.0,64.0,56.0,42.0,56.0,58.0,62.0,61.0,62.0,63.0,64.0,62.0,54.0,60.0,59.0,58.0,52.0,62.0,62.0,62.0,62.0,62.0,64.0,57.0,65.0,62.0,60.0,58.0,49.0,62.0,64.0,57.0,65.0,42.0,
2026-05-27T22:00,,0.0,0.0,0.0,,0.0,0.0,0.0,0.0,,,0.0,0.0,0.0,0.0,,,0.0,0.0,0.0,0.0,,,0.0,0.0,0.0,0.0,,,0.0,0.0,0.0,0.0,,,0.0,0.0,0.0,0.0,,,0.0,0.0,0.0,0.0,,,0.0,0.0,0.0,0.0,,,0.0,0.0,0.0,0.0,,,0.0,0.0,0.0,0.0,,,0.0,0.0,0.0,0.0,,,0.0,0.0,0.0,0.0,,,0.0,0.0,0.0,0.0,,,0.0,0.0,0.0,0.0,,,0.0,0.0,0.0,0.0,,,0.0,0.0,0.0,0.0,,,0.0,0.0,0.0,0.0,,0.0,0.0,0.0,0.0,0.0,0.0,0.0,0.0,0.0,0.0,0.0,0.0,0.0,0.0,0.0,0.0,0.0,0.0,0.0,0.0,0.0,0.0,0.0,0.0,0.0,0.0,0.0,0.0,0.0,0.0,0.0,0.0,0.0,0.0,0.0,0.0,0.0,0.0,0.0,0.0,0.0,0.0,0.0,0.0,0.0,0.0,0.0,0.0,0.0,0.0,0.0,0.0,0.0,0.0,0.0,0.0,0.0,0.0,0.0,0.0,0.0,0.0,0.0,0.0,0.0,0.0,0.0,0.0,0.0,0.0,0.0,0.0,
2026-05-27T23:00,,0.0,0.0,0.0,,0.0,0.0,0.0,0.0,,,0.0,0.0,0.0,0.0,,,0.0,0.0,0.0,0.0,,,0.0,0.0,0.0,0.0,,,0.0,0.0,0.0,0.0,,,0.0,0.0,0.0,0.0,,,0.0,0.0,0.0,0.0,,,0.0,0.0,0.0,0.0,,,0.0,0.0,0.0,0.0,,,0.0,0.0,0.0,0.0,,,0.0,0.0,0.0,0.0,,,0.0,0.0,0.0,0.0,,,0.0,0.0,0.0,0.0,,,0.0,0.0,0.0,0.0,,,0.0,0.0,0.0,0.0,,,0.0,0.0,0.0,0.0,,,0.0,0.0,0.0,0.0,,0.0,0.0,0.0,0.0,0.0,0.0,0.0,0.0,0.0,0.0,0.0,0.0,0.0,0.0,0.0,0.0,0.0,0.0,0.0,0.0,0.0,0.0,0.0,0.0,0.0,0.0,0.0,0.0,0.0,0.0,0.0,0.0,0.0,0.0,0.0,0.0,0.0,0.0,0.0,0.0,0.0,0.0,0.0,0.0,0.0,0.0,0.0,0.0,0.0,0.0,0.0,0.0,0.0,0.0,0.0,0.0,0.0,0.0,0.0,0.0,0.0,0.0,0.0,0.0,0.0,0.0,0.0,0.0,0.0,0.0,0.0,0.0,
2026-05-28T00:00,,0.0,0.0,0.0,,0.0,0.0,0.0,0.0,,,0.0,0.0,0.0,0.0,,,0.0,0.0,0.0,0.0,,,0.0,0.0,0.0,0.0,,,0.0,0.0,0.0,0.0,,,0.0,0.0,0.0,0.0,,,0.0,0.0,0.0,0.0,,,0.0,0.0,0.0,0.0,,,0.0,0.0,0.0,0.0,,,0.0,0.0,0.0,0.0,,,0.0,0.0,0.0,0.0,,,0.0,0.0,0.0,0.0,,,0.0,0.0,0.0,0.0,,,0.0,0.0,0.0,0.0,,,0.0,0.0,0.0,0.0,,,0.0,0.0,0.0,0.0,,,0.0,0.0,0.0,0.0,,0.0,0.0,0.0,0.0,0.0,0.0,0.0,0.0,0.0,0.0,0.0,0.0,0.0,0.0,0.0,0.0,0.0,0.0,0.0,0.0,0.0,0.0,0.0,0.0,0.0,0.0,0.0,0.0,0.0,0.0,0.0,0.0,0.0,0.0,0.0,0.0,0.0,0.0,0.0,0.0,0.0,0.0,0.0,0.0,0.0,0.0,0.0,0.0,0.0,0.0,0.0,0.0,0.0,0.0,0.0,0.0,0.0,0.0,0.0,0.0,0.0,0.0,0.0,0.0,0.0,0.0,0.0,0.0,0.0,0.0,0.0,0.0,
2026-05-28T01:00,,0.0,0.0,0.0,,0.0,0.0,0.0,0.0,,,0.0,0.0,0.0,0.0,,,0.0,0.0,0.0,0.0,,,0.0,0.0,0.0,0.0,,,0.0,0.0,0.0,0.0,,,0.0,0.0,0.0,0.0,,,0.0,0.0,0.0,0.0,,,0.0,0.0,0.0,0.0,,,0.0,0.0,0.0,0.0,,,0.0,0.0,0.0,0.0,,,0.0,0.0,0.0,0.0,,,0.0,0.0,0.0,0.0,,,0.0,0.0,0.0,0.0,,,0.0,0.0,0.0,0.0,,,0.0,0.0,0.0,0.0,,,0.0,0.0,0.0,0.0,,,0.0,0.0,0.0,0.0,,0.0,0.0,0.0,0.0,0.0,0.0,0.0,0.0,0.0,0.0,0.0,0.0,0.0,0.0,0.0,0.0,0.0,0.0,0.0,0.0,0.0,0.0,0.0,0.0,0.0,0.0,0.0,0.0,0.0,0.0,0.0,0.0,0.0,0.0,0.0,0.0,0.0,0.0,0.0,0.0,0.0,0.0,0.0,0.0,0.0,0.0,0.0,0.0,0.0,0.0,0.0,0.0,0.0,0.0,0.0,0.0,0.0,0.0,0.0,0.0,0.0,0.0,0.0,0.0,0.0,0.0,0.0,0.0,0.0,0.0,0.0,0.0,
2026-05-28T02:00,,0.0,0.0,0.0,,0.0,0.0,0.0,0.0,,,0.0,0.0,0.0,0.0,,,0.0,0.0,0.0,0.0,,,0.0,0.0,0.0,0.0,,,0.0,0.0,0.0,0.0,,,0.0,0.0,0.0,0.0,,,0.0,0.0,0.0,0.0,,,0.0,0.0,0.0,0.0,,,0.0,0.0,0.0,0.0,,,0.0,0.0,0.0,0.0,,,0.0,0.0,0.0,0.0,,,0.0,0.0,0.0,0.0,,,0.0,0.0,0.0,0.0,,,0.0,0.0,0.0,0.0,,,0.0,0.0,0.0,0.0,,,0.0,0.0,0.0,0.0,,,0.0,0.0,0.0,0.0,,0.0,0.0,0.0,0.0,0.0,0.0,0.0,0.0,0.0,0.0,0.0,0.0,0.0,0.0,0.0,0.0,0.0,0.0,0.0,0.0,0.0,0.0,0.0,0.0,0.0,0.0,0.0,0.0,0.0,0.0,0.0,0.0,0.0,0.0,0.0,0.0,0.0,0.0,0.0,0.0,0.0,0.0,0.0,0.0,0.0,0.0,0.0,0.0,0.0,0.0,0.0,0.0,0.0,0.0,0.0,0.0,0.0,0.0,0.0,0.0,0.0,0.0,0.0,0.0,0.0,0.0,0.0,0.0,0.0,0.0,0.0,0.0,
2026-05-28T03:00,,0.0,0.0,0.0,,0.0,0.0,0.0,0.0,,,0.0,0.0,0.0,0.0,,,0.0,0.0,0.0,0.0,,,0.0,0.0,0.0,0.0,,,0.0,0.0,0.0,0.0,,,0.0,0.0,0.0,0.0,,,0.0,0.0,0.0,0.0,,,0.0,0.0,0.0,0.0,,,0.0,0.0,0.0,0.0,,,0.0,0.0,0.0,0.0,,,0.0,0.0,0.0,0.0,,,0.0,0.0,0.0,0.0,,,0.0,0.0,0.0,0.0,,,0.0,0.0,0.0,0.0,,,0.0,0.0,0.0,0.0,,,0.0,0.0,0.0,0.0,,,0.0,0.0,0.0,0.0,,0.0,0.0,0.0,0.0,0.0,0.0,0.0,0.0,0.0,0.0,0.0,0.0,0.0,0.0,0.0,0.0,0.0,0.0,0.0,0.0,0.0,0.0,0.0,0.0,0.0,0.0,0.0,0.0,0.0,0.0,0.0,0.0,0.0,0.0,0.0,0.0,0.0,0.0,0.0,0.0,0.0,0.0,0.0,0.0,0.0,0.0,0.0,0.0,0.0,0.0,0.0,0.0,0.0,0.0,0.0,0.0,0.0,0.0,0.0,0.0,0.0,0.0,0.0,0.0,0.0,0.0,0.0,0.0,0.0,0.0,0.0,0.0,
2026-05-28T04:00,,0.0,0.0,0.0,,0.0,0.0,0.0,0.0,,,0.0,0.0,0.0,0.0,,,0.0,0.0,0.0,0.0,,,0.0,0.0,0.0,0.0,,,0.0,0.0,0.0,0.0,,,0.0,0.0,0.0,0.0,,,0.0,0.0,0.0,0.0,,,0.0,0.0,0.0,0.0,,,0.0,0.0,0.0,0.0,,,0.0,0.0,0.0,0.0,,,0.0,0.0,0.0,0.0,,,0.0,0.0,0.0,0.0,,,0.0,0.0,0.0,0.0,,,0.0,0.0,0.0,0.0,,,0.0,0.0,0.0,0.0,,,0.0,0.0,0.0,0.0,,,0.0,0.0,0.0,0.0,,0.0,0.0,0.0,0.0,0.0,0.0,0.0,0.0,0.0,0.0,0.0,0.0,0.0,0.0,0.0,0.0,0.0,0.0,0.0,0.0,0.0,0.0,0.0,0.0,0.0,0.0,0.0,0.0,0.0,0.0,0.0,0.0,0.0,0.0,0.0,0.0,0.0,0.0,0.0,0.0,0.0,0.0,0.0,0.0,0.0,0.0,0.0,0.0,0.0,0.0,0.0,0.0,0.0,0.0,0.0,0.0,0.0,0.0,0.0,0.0,0.0,0.0,0.0,0.0,0.0,0.0,0.0,0.0,0.0,0.0,0.0,0.0,
2026-05-28T05:00,,0.0,0.0,0.0,,0.0,0.0,0.0,0.0,,,0.0,0.0,0.0,0.0,,,0.0,0.0,0.0,0.0,,,0.0,0.0,0.0,0.0,,,0.0,0.0,0.0,0.0,,,0.0,0.0,0.0,0.0,,,0.0,0.0,0.0,0.0,,,0.0,0.0,0.0,0.0,,,0.0,0.0,0.0,0.0,,,0.0,0.0,0.0,0.0,,,0.0,0.0,0.0,0.0,,,0.0,0.0,0.0,0.0,,,0.0,0.0,0.0,0.0,,,0.0,0.0,0.0,0.0,,,0.0,0.0,0.0,0.0,,,0.0,0.0,0.0,0.0,,,0.0,0.0,0.0,0.0,,0.0,0.0,0.0,0.0,0.0,0.0,0.0,0.0,0.0,0.0,0.0,0.0,0.0,0.0,0.0,0.0,0.0,0.0,0.0,0.0,0.0,0.0,0.0,0.0,0.0,0.0,0.0,0.0,0.0,0.0,0.0,0.0,0.0,0.0,0.0,0.0,0.0,0.0,0.0,0.0,0.0,0.0,0.0,0.0,0.0,0.0,0.0,0.0,0.0,0.0,0.0,0.0,0.0,0.0,0.0,0.0,0.0,0.0,0.0,0.0,0.0,0.0,0.0,0.0,0.0,0.0,0.0,0.0,0.0,0.0,0.0,0.0,
2026-05-28T06:00,,51.0,58.0,35.0,,51.0,58.0,32.0,41.0,,,51.0,54.0,47.0,53.0,,,51.0,54.0,49.0,50.0,,,51.0,58.0,54.0,53.0,,,51.0,60.0,51.0,52.0,,,51.0,45.0,29.0,53.0,,,52.0,57.0,44.0,48.0,,,52.0,56.0,45.0,53.0,,,53.0,57.0,53.0,53.0,,,48.0,56.0,55.0,53.0,,,53.0,59.0,53.0,40.0,,,51.0,59.0,48.0,32.0,,,51.0,54.0,53.0,47.0,,,51.0,54.0,52.0,52.0,,,53.0,60.0,53.0,50.0,,,51.0,59.0,52.0,53.0,,,50.0,59.0,49.0,53.0,,53.0,60.0,53.0,54.0,52.0,53.0,51.0,51.0,52.0,56.0,51.0,50.0,51.0,39.0,51.0,42.0,46.0,24.0,32.0,54.0,35.0,52.0,55.0,52.0,51.0,54.0,52.0,51.0,50.0,53.0,52.0,54.0,13.0,38.0,52.0,36.0,51.0,54.0,50.0,53.0,41.0,36.0,43.0,54.0,52.0,53.0,53.0,42.0,45.0,52.0,32.0,53.0,53.0,54.0,51.0,34.0,51.0,53.0,49.0,53.0,39.0,52.0,51.0,51.0,51.0,53.0,51.0,51.0,51.0,51.0,52.0,48.0,
2026-05-28T07:00,,162.0,184.0,111.0,,161.0,183.0,99.0,133.0,,,162.0,171.0,147.0,168.0,,,162.0,170.0,153.0,159.0,,,162.0,185.0,171.0,168.0,,,162.0,191.0,160.0,164.0,,,161.0,138.0,92.0,168.0,,,164.0,182.0,138.0,155.0,,,164.0,176.0,142.0,168.0,,,166.0,182.0,167.0,168.0,,,153.0,178.0,173.0,168.0,,,166.0,187.0,166.0,129.0,,,161.0,187.0,150.0,97.0,,,161.0,172.0,165.0,153.0,,,162.0,171.0,165.0,166.0,,,168.0,191.0,167.0,161.0,,,162.0,188.0,164.0,170.0,,,159.0,185.0,153.0,168.0,,166.0,191.0,168.0,164.0,164.0,165.0,161.0,164.0,164.0,178.0,161.0,161.0,161.0,124.0,162.0,129.0,145.0,79.0,103.0,171.0,115.0,164.0,173.0,166.0,162.0,170.0,166.0,162.0,157.0,168.0,164.0,169.0,48.0,123.0,162.0,113.0,162.0,170.0,161.0,166.0,130.0,109.0,135.0,168.0,164.0,166.0,166.0,133.0,141.0,163.0,103.0,167.0,166.0,169.0,161.0,105.0,161.0,167.0,155.0,168.0,123.0,162.0,161.0,162.0,161.0,166.0,162.0,162.0,162.0,161.0,164.0,149.0,
2026-05-28T08:00,,290.0,328.0,189.0,,286.0,327.0,169.0,265.0,,,288.0,310.0,252.0,307.0,,,289.0,308.0,262.0,291.0,,,287.0,331.0,292.0,307.0,,,284.0,338.0,273.0,298.0,,,285.0,204.0,157.0,306.0,,,291.0,326.0,236.0,279.0,,,286.0,316.0,243.0,306.0,,,294.0,326.0,285.0,307.0,,,272.0,319.0,296.0,307.0,,,295.0,334.0,284.0,239.0,,,283.0,333.0,257.0,146.0,,,275.0,308.0,282.0,287.0,,,288.0,308.0,281.0,303.0,,,297.0,339.0,285.0,294.0,,,285.0,334.0,281.0,310.0,,,277.0,327.0,262.0,307.0,,294.0,338.0,287.0,248.0,290.0,286.0,276.0,302.0,290.0,320.0,276.0,295.0,280.0,212.0,300.0,208.0,248.0,164.0,189.0,292.0,235.0,284.0,295.0,301.0,288.0,291.0,303.0,286.0,269.0,306.0,291.0,288.0,113.0,230.0,277.0,192.0,288.0,291.0,296.0,294.0,223.0,163.0,236.0,288.0,289.0,284.0,294.0,229.0,243.0,278.0,183.0,285.0,294.0,288.0,272.0,180.0,284.0,285.0,266.0,287.0,210.0,274.0,281.0,288.0,284.0,294.0,288.0,287.0,287.0,282.0,291.0,239.0,
2026-05-28T09:00,,431.0,485.0,265.0,,424.0,487.0,238.0,444.0,,,423.0,469.0,353.0,469.0,,,427.0,464.0,367.0,447.0,,,422.0,491.0,410.0,469.0,,,410.0,496.0,383.0,451.0,,,421.0,225.0,222.0,463.0,,,428.0,483.0,332.0,422.0,,,412.0,470.0,340.0,463.0,,,432.0,484.0,400.0,469.0,,,403.0,477.0,415.0,469.0,,,434.0,495.0,398.0,372.0,,,414.0,493.0,361.0,166.0,,,388.0,460.0,396.0,452.0,,,423.0,461.0,395.0,462.0,,,435.0,499.0,399.0,452.0,,,413.0,491.0,394.0,470.0,,,402.0,480.0,368.0,469.0,,432.0,496.0,404.0,283.0,426.0,408.0,388.0,464.0,426.0,478.0,387.0,452.0,403.0,298.0,465.0,266.0,349.0,285.0,290.0,409.0,403.0,404.0,413.0,455.0,424.0,408.0,461.0,417.0,378.0,463.0,427.0,404.0,222.0,361.0,389.0,266.0,425.0,408.0,458.0,432.0,312.0,187.0,344.0,404.0,421.0,399.0,433.0,323.0,347.0,390.0,271.0,400.0,432.0,404.0,378.0,254.0,417.0,400.0,378.0,402.0,294.0,378.0,409.0,424.0,419.0,433.0,424.0,423.0,421.0,412.0,429.0,309.0,
2026-05-28T10:00,,571.0,634.0,335.0,,560.0,638.0,301.0,628.0,,,558.0,624.0,445.0,628.0,,,564.0,613.0,462.0,597.0,,,555.0,644.0,515.0,628.0,,,529.0,645.0,482.0,597.0,,,557.0,220.0,282.0,617.0,,,564.0,631.0,419.0,567.0,,,531.0,619.0,429.0,617.0,,,568.0,636.0,503.0,628.0,,,534.0,628.0,522.0,628.0,,,572.0,642.0,502.0,516.0,,,541.0,646.0,455.0,172.0,,,491.0,606.0,498.0,617.0,,,558.0,609.0,497.0,617.0,,,571.0,651.0,502.0,607.0,,,538.0,641.0,495.0,628.0,,,523.0,626.0,464.0,628.0,,567.0,646.0,508.0,283.0,559.0,526.0,490.0,617.0,560.0,630.0,486.0,607.0,520.0,377.0,628.0,304.0,440.0,405.0,399.0,515.0,577.0,516.0,520.0,607.0,559.0,514.0,617.0,546.0,476.0,617.0,562.0,509.0,364.0,501.0,489.0,334.0,562.0,513.0,617.0,568.0,393.0,213.0,448.0,508.0,550.0,502.0,570.0,408.0,444.0,490.0,361.0,503.0,568.0,508.0,472.0,321.0,548.0,504.0,479.0,506.0,368.0,467.0,532.0,555.0,552.0,569.0,559.0,556.0,554.0,539.0,565.0,385.0,
2026-05-28T11:00,,698.0,750.0,393.0,,683.0,754.0,354.0,761.0,,,679.0,746.0,520.0,751.0,,,688.0,728.0,540.0,706.0,,,675.0,765.0,601.0,752.0,,,634.0,766.0,564.0,707.0,,,680.0,200.0,333.0,741.0,,,687.0,735.0,490.0,702.0,,,636.0,737.0,502.0,755.0,,,691.0,762.0,587.0,752.0,,,654.0,748.0,609.0,752.0,,,696.0,746.0,586.0,661.0,,,653.0,766.0,532.0,186.0,,,575.0,727.0,582.0,746.0,,,679.0,728.0,581.0,741.0,,,693.0,771.0,587.0,742.0,,,648.0,760.0,579.0,754.0,,,631.0,745.0,543.0,751.0,,688.0,764.0,592.0,265.0,679.0,642.0,572.0,729.0,681.0,751.0,568.0,729.0,623.0,442.0,755.0,319.0,514.0,473.0,505.0,601.0,701.0,611.0,607.0,736.0,681.0,600.0,744.0,661.0,556.0,742.0,683.0,594.0,539.0,638.0,572.0,399.0,686.0,599.0,743.0,691.0,460.0,282.0,542.0,594.0,665.0,586.0,693.0,478.0,527.0,573.0,447.0,587.0,690.0,593.0,548.0,378.0,665.0,588.0,562.0,591.0,428.0,534.0,642.0,670.0,672.0,692.0,681.0,676.0,673.0,652.0,688.0,513.0,
2026-05-28T12:00,,801.0,828.0,436.0,,783.0,829.0,394.0,841.0,,,779.0,830.0,575.0,832.0,,,790.0,801.0,595.0,768.0,,,775.0,848.0,661.0,836.0,,,715.0,849.0,622.0,774.0,,,783.0,175.0,371.0,827.0,,,787.0,793.0,542.0,816.0,,,718.0,819.0,555.0,857.0,,,792.0,852.0,647.0,835.0,,,753.0,829.0,671.0,837.0,,,797.0,800.0,645.0,794.0,,,743.0,848.0,586.0,204.0,,,636.0,814.0,642.0,831.0,,,779.0,809.0,640.0,826.0,,,792.0,853.0,647.0,842.0,,,737.0,843.0,638.0,841.0,,,718.0,831.0,599.0,833.0,,786.0,845.0,650.0,232.0,778.0,744.0,627.0,791.0,779.0,835.0,627.0,811.0,703.0,489.0,841.0,311.0,568.0,492.0,601.0,661.0,772.0,683.0,668.0,833.0,782.0,661.0,834.0,754.0,613.0,830.0,782.0,655.0,726.0,758.0,631.0,452.0,790.0,660.0,828.0,791.0,507.0,387.0,616.0,654.0,758.0,646.0,795.0,526.0,588.0,632.0,522.0,647.0,789.0,653.0,603.0,420.0,759.0,648.0,619.0,651.0,467.0,575.0,730.0,759.0,772.0,793.0,782.0,774.0,772.0,744.0,788.0,675.0,
2026-05-28T13:00,,855.0,865.0,461.0,,836.0,866.0,418.0,879.0,,,842.0,871.0,604.0,875.0,,,849.0,824.0,624.0,790.0,,,836.0,889.0,691.0,879.0,,,759.0,880.0,653.0,794.0,,,846.0,201.0,394.0,871.0,,,850.0,821.0,569.0,885.0,,,769.0,860.0,584.0,871.0,,,854.0,880.0,677.0,877.0,,,809.0,869.0,703.0,881.0,,,855.0,791.0,673.0,879.0,,,792.0,888.0,614.0,221.0,,,664.0,860.0,673.0,873.0,,,842.0,849.0,670.0,871.0,,,853.0,892.0,678.0,867.0,,,794.0,884.0,669.0,887.0,,,774.0,876.0,629.0,875.0,,842.0,884.0,676.0,213.0,839.0,808.0,651.0,802.0,839.0,877.0,657.0,849.0,753.0,513.0,885.0,293.0,597.0,493.0,674.0,692.0,810.0,725.0,701.0,887.0,845.0,692.0,883.0,811.0,642.0,875.0,843.0,686.0,857.0,828.0,661.0,471.0,855.0,691.0,863.0,853.0,531.0,501.0,662.0,684.0,816.0,677.0,857.0,550.0,621.0,663.0,582.0,678.0,845.0,684.0,642.0,445.0,810.0,679.0,639.0,681.0,479.0,587.0,783.0,792.0,833.0,856.0,845.0,834.0,833.0,802.0,848.0,798.0,
2026-05-28T14:00,,842.0,863.0,466.0,,829.0,869.0,425.0,883.0,,,857.0,869.0,607.0,882.0,,,851.0,790.0,623.0,779.0,,,851.0,887.0,689.0,880.0,,,759.0,845.0,654.0,764.0,,,859.0,349.0,398.0,872.0,,,863.0,834.0,570.0,898.0,,,787.0,858.0,586.0,748.0,,,867.0,835.0,676.0,879.0,,,810.0,867.0,703.0,886.0,,,858.0,695.0,670.0,892.0,,,789.0,887.0,613.0,246.0,,,656.0,860.0,674.0,873.0,,,856.0,846.0,670.0,875.0,,,866.0,889.0,678.0,782.0,,,813.0,884.0,670.0,890.0,,,792.0,898.0,629.0,877.0,,843.0,882.0,670.0,242.0,855.0,823.0,642.0,759.0,851.0,876.0,658.0,837.0,768.0,513.0,889.0,275.0,599.0,502.0,714.0,691.0,829.0,734.0,701.0,893.0,859.0,691.0,888.0,825.0,642.0,875.0,855.0,687.0,884.0,823.0,662.0,442.0,870.0,691.0,850.0,866.0,531.0,627.0,671.0,682.0,832.0,676.0,870.0,546.0,621.0,664.0,623.0,678.0,845.0,684.0,670.0,450.0,805.0,678.0,612.0,680.0,460.0,569.0,792.0,750.0,847.0,870.0,859.0,847.0,850.0,818.0,856.0,841.0,
2026-05-28T15:00,,774.0,819.0,451.0,,768.0,832.0,415.0,841.0,,,826.0,821.0,583.0,846.0,,,803.0,708.0,594.0,729.0,,,819.0,840.0,653.0,836.0,,,718.0,759.0,625.0,689.0,,,824.0,538.0,385.0,828.0,,,829.0,815.0,545.0,856.0,,,767.0,813.0,563.0,544.0,,,833.0,730.0,644.0,836.0,,,762.0,820.0,671.0,847.0,,,811.0,549.0,634.0,842.0,,,741.0,841.0,583.0,267.0,,,615.0,814.0,644.0,828.0,,,825.0,799.0,639.0,834.0,,,832.0,840.0,648.0,626.0,,,791.0,840.0,640.0,847.0,,,772.0,872.0,601.0,834.0,,796.0,835.0,631.0,291.0,825.0,791.0,597.0,671.0,816.0,830.0,629.0,779.0,746.0,488.0,847.0,253.0,573.0,496.0,717.0,657.0,810.0,708.0,669.0,849.0,825.0,657.0,847.0,795.0,611.0,828.0,821.0,655.0,830.0,757.0,632.0,379.0,838.0,658.0,785.0,831.0,506.0,735.0,644.0,649.0,804.0,646.0,836.0,515.0,589.0,636.0,637.0,648.0,797.0,654.0,678.0,434.0,751.0,646.0,548.0,648.0,415.0,524.0,759.0,652.0,815.0,838.0,826.0,814.0,822.0,792.0,815.0,822.0,
2026-05-28T16:00,,672.0,731.0,417.0,,672.0,747.0,388.0,750.0,,,751.0,729.0,533.0,760.0,,,715.0,601.0,539.0,629.0,,,745.0,749.0,587.0,750.0,,,643.0,653.0,569.0,588.0,,,746.0,604.0,355.0,740.0,,,752.0,744.0,495.0,760.0,,,706.0,723.0,516.0,365.0,,,755.0,585.0,582.0,750.0,,,677.0,726.0,609.0,760.0,,,725.0,435.0,569.0,750.0,,,657.0,750.0,526.0,253.0,,,548.0,724.0,586.0,740.0,,,749.0,710.0,579.0,750.0,,,755.0,746.0,589.0,477.0,,,727.0,750.0,582.0,760.0,,,711.0,741.0,546.0,750.0,,711.0,744.0,563.0,304.0,752.0,710.0,523.0,558.0,739.0,738.0,572.0,689.0,683.0,441.0,760.0,226.0,522.0,446.0,676.0,592.0,740.0,647.0,608.0,760.0,749.0,593.0,760.0,724.0,554.0,740.0,744.0,595.0,730.0,656.0,574.0,304.0,761.0,596.0,669.0,754.0,459.0,750.0,586.0,585.0,734.0,587.0,758.0,461.0,529.0,582.0,612.0,589.0,710.0,594.0,647.0,400.0,662.0,585.0,465.0,586.0,357.0,459.0,688.0,532.0,739.0,761.0,750.0,738.0,750.0,724.0,734.0,750.0,
2026-05-28T17:00,,548.0,610.0,365.0,,552.0,626.0,346.0,613.0,,,643.0,605.0,462.0,631.0,,,598.0,487.0,461.0,481.0,,,637.0,626.0,497.0,630.0,,,542.0,550.0,489.0,468.0,,,636.0,498.0,309.0,626.0,,,642.0,627.0,425.0,614.0,,,611.0,602.0,447.0,254.0,,,644.0,407.0,497.0,629.0,,,566.0,594.0,521.0,634.0,,,609.0,392.0,481.0,628.0,,,549.0,629.0,448.0,198.0,,,460.0,604.0,503.0,618.0,,,640.0,590.0,495.0,632.0,,,645.0,621.0,505.0,364.0,,,628.0,628.0,500.0,639.0,,,615.0,477.0,468.0,633.0,,597.0,622.0,473.0,266.0,644.0,590.0,427.0,433.0,629.0,614.0,491.0,588.0,589.0,376.0,638.0,194.0,449.0,344.0,599.0,504.0,621.0,557.0,521.0,636.0,639.0,505.0,637.0,620.0,474.0,630.0,634.0,510.0,608.0,533.0,493.0,222.0,650.0,510.0,505.0,644.0,392.0,652.0,502.0,498.0,631.0,505.0,647.0,388.0,448.0,504.0,552.0,506.0,595.0,510.0,581.0,348.0,550.0,500.0,372.0,500.0,290.0,381.0,587.0,406.0,630.0,651.0,641.0,629.0,644.0,623.0,622.0,634.0,
2026-05-28T18:00,,412.0,467.0,299.0,,418.0,481.0,287.0,456.0,,,508.0,460.0,373.0,478.0,,,462.0,365.0,367.0,323.0,,,503.0,481.0,391.0,488.0,,,422.0,437.0,391.0,343.0,,,500.0,332.0,251.0,487.0,,,505.0,481.0,340.0,448.0,,,488.0,459.0,361.0,172.0,,,507.0,236.0,394.0,486.0,,,437.0,442.0,415.0,484.0,,,472.0,356.0,377.0,484.0,,,423.0,484.0,355.0,129.0,,,359.0,463.0,403.0,475.0,,,504.0,449.0,394.0,491.0,,,509.0,475.0,404.0,267.0,,,501.0,483.0,400.0,495.0,,,492.0,208.0,373.0,493.0,,463.0,477.0,368.0,207.0,510.0,446.0,322.0,308.0,495.0,468.0,392.0,467.0,469.0,298.0,493.0,157.0,359.0,229.0,489.0,399.0,475.0,445.0,416.0,488.0,504.0,400.0,491.0,490.0,378.0,496.0,499.0,407.0,463.0,397.0,393.0,145.0,513.0,406.0,333.0,507.0,312.0,497.0,399.0,393.0,501.0,404.0,510.0,304.0,351.0,407.0,459.0,404.0,461.0,407.0,483.0,283.0,422.0,397.0,275.0,396.0,220.0,294.0,463.0,282.0,496.0,514.0,506.0,495.0,511.0,495.0,487.0,488.0,
2026-05-28T19:00,,280.0,310.0,221.0,,282.0,321.0,216.0,307.0,,,356.0,304.0,272.0,326.0,,,318.0,241.0,264.0,195.0,,,353.0,323.0,277.0,338.0,,,295.0,301.0,282.0,235.0,,,350.0,191.0,184.0,326.0,,,354.0,321.0,245.0,297.0,,,342.0,304.0,263.0,100.0,,,355.0,126.0,282.0,336.0,,,302.0,290.0,299.0,332.0,,,328.0,270.0,266.0,334.0,,,291.0,324.0,253.0,70.0,,,252.0,307.0,290.0,328.0,,,352.0,297.0,283.0,340.0,,,357.0,314.0,291.0,177.0,,,353.0,323.0,288.0,342.0,,,349.0,63.0,269.0,342.0,,321.0,317.0,258.0,145.0,359.0,292.0,217.0,197.0,347.0,309.0,283.0,318.0,329.0,213.0,340.0,117.0,260.0,141.0,351.0,284.0,326.0,314.0,300.0,336.0,353.0,286.0,338.0,345.0,271.0,334.0,350.0,293.0,305.0,266.0,283.0,92.0,359.0,291.0,197.0,355.0,224.0,338.0,282.0,280.0,353.0,292.0,357.0,214.0,244.0,296.0,335.0,291.0,319.0,294.0,351.0,208.0,290.0,285.0,186.0,284.0,154.0,205.0,326.0,180.0,346.0,360.0,355.0,347.0,359.0,349.0,339.0,336.0,
2026-05-28T20:00,,160.0,156.0,136.0,,156.0,163.0,135.0,176.0,,,201.0,153.0,165.0,184.0,,,176.0,124.0,158.0,101.0,,,199.0,166.0,164.0,190.0,,,170.0,158.0,170.0,145.0,,,198.0,91.0,113.0,160.0,,,200.0,163.0,148.0,171.0,,,188.0,153.0,160.0,39.0,,,200.0,70.0,168.0,189.0,,,172.0,151.0,179.0,187.0,,,186.0,146.0,157.0,188.0,,,163.0,164.0,151.0,27.0,,,147.0,155.0,175.0,185.0,,,196.0,150.0,169.0,191.0,,,201.0,157.0,175.0,96.0,,,197.0,164.0,174.0,191.0,,,198.0,32.0,161.0,192.0,,180.0,158.0,150.0,85.0,204.0,146.0,121.0,104.0,197.0,155.0,170.0,158.0,182.0,127.0,190.0,74.0,157.0,80.0,200.0,169.0,184.0,179.0,180.0,189.0,199.0,170.0,190.0,196.0,162.0,164.0,198.0,176.0,151.0,149.0,170.0,61.0,202.0,174.0,102.0,200.0,134.0,190.0,163.0,167.0,200.0,176.0,201.0,125.0,136.0,180.0,194.0,175.0,179.0,177.0,201.0,127.0,165.0,170.0,108.0,169.0,93.0,120.0,185.0,101.0,194.0,202.0,200.0,197.0,202.0,198.0,191.0,189.0,
2026-05-28T21:00,,55.0,43.0,51.0,,51.0,46.0,51.0,61.0,,,67.0,42.0,61.0,63.0,,,58.0,36.0,58.0,33.0,,,67.0,48.0,59.0,64.0,,,59.0,47.0,62.0,57.0,,,67.0,24.0,42.0,42.0,,,67.0,46.0,54.0,61.0,,,60.0,42.0,59.0,6.0,,,67.0,28.0,61.0,63.0,,,59.0,46.0,65.0,63.0,,,63.0,43.0,56.0,63.0,,,54.0,46.0,54.0,4.0,,,52.0,43.0,64.0,63.0,,,65.0,42.0,62.0,64.0,,,67.0,43.0,64.0,32.0,,,65.0,46.0,63.0,64.0,,,67.0,18.0,59.0,64.0,,60.0,43.0,53.0,30.0,69.0,40.0,41.0,33.0,66.0,43.0,62.0,41.0,59.0,46.0,64.0,29.0,57.0,29.0,67.0,61.0,63.0,60.0,66.0,63.0,67.0,62.0,64.0,66.0,59.0,42.0,67.0,64.0,40.0,50.0,62.0,26.0,67.0,63.0,33.0,67.0,49.0,64.0,56.0,60.0,67.0,64.0,67.0,44.0,45.0,66.0,66.0,64.0,60.0,65.0,67.0,47.0,56.0,62.0,39.0,61.0,35.0,42.0,63.0,36.0,64.0,67.0,67.0,66.0,67.0,67.0,64.0,63.0,
2026-05-28T22:00,,1.0,0.0,1.0,,1.0,0.0,1.0,1.0,,,1.0,0.0,1.0,1.0,,,1.0,0.0,1.0,0.0,,,1.0,0.0,1.0,1.0,,,1.0,0.0,1.0,1.0,,,1.0,0.0,0.0,0.0,,,1.0,0.0,1.0,1.0,,,1.0,0.0,1.0,0.0,,,1.0,0.0,1.0,1.0,,,1.0,0.0,1.0,1.0,,,1.0,0.0,1.0,1.0,,,1.0,0.0,1.0,0.0,,,1.0,0.0,1.0,1.0,,,1.0,0.0,1.0,1.0,,,1.0,0.0,1.0,0.0,,,1.0,0.0,1.0,1.0,,,1.0,0.0,1.0,1.0,,1.0,0.0,1.0,0.0,1.0,0.0,0.0,0.0,1.0,0.0,1.0,0.0,1.0,1.0,1.0,0.0,1.0,0.0,1.0,1.0,1.0,1.0,1.0,1.0,1.0,1.0,1.0,1.0,1.0,0.0,1.0,1.0,0.0,1.0,1.0,0.0,1.0,1.0,0.0,1.0,1.0,1.0,1.0,1.0,1.0,1.0,1.0,0.0,0.0,1.0,1.0,1.0,1.0,1.0,1.0,1.0,1.0,1.0,0.0,1.0,0.0,0.0,1.0,0.0,1.0,1.0,1.0,1.0,1.0,1.0,1.0,1.0,
2026-05-28T23:00,,0.0,0.0,0.0,,0.0,0.0,0.0,0.0,,,0.0,0.0,0.0,0.0,,,0.0,0.0,0.0,0.0,,,0.0,0.0,0.0,0.0,,,0.0,0.0,0.0,0.0,,,0.0,0.0,0.0,0.0,,,0.0,0.0,0.0,0.0,,,0.0,0.0,0.0,0.0,,,0.0,0.0,0.0,0.0,,,0.0,0.0,0.0,0.0,,,0.0,0.0,0.0,0.0,,,0.0,0.0,0.0,0.0,,,0.0,0.0,0.0,0.0,,,0.0,0.0,0.0,0.0,,,0.0,0.0,0.0,0.0,,,0.0,0.0,0.0,0.0,,,0.0,0.0,0.0,0.0,,0.0,0.0,0.0,0.0,0.0,0.0,0.0,0.0,0.0,0.0,0.0,0.0,0.0,0.0,0.0,0.0,0.0,0.0,0.0,0.0,0.0,0.0,0.0,0.0,0.0,0.0,0.0,0.0,0.0,0.0,0.0,0.0,0.0,0.0,0.0,0.0,0.0,0.0,0.0,0.0,0.0,0.0,0.0,0.0,0.0,0.0,0.0,0.0,0.0,0.0,0.0,0.0,0.0,0.0,0.0,0.0,0.0,0.0,0.0,0.0,0.0,0.0,0.0,0.0,0.0,0.0,0.0,0.0,0.0,0.0,0.0,0.0,
